<?xml version="1.0" encoding="UTF-8"?>
<metadata xml:lang="en"><Esri><CreaDate>20190112</CreaDate><CreaTime>15204200</CreaTime><ArcGISFormat>1.0</ArcGISFormat><SyncOnce>TRUE</SyncOnce><DataProperties><itemProps><itemLocation><linkage Sync="TRUE">file://\\PORRAS-TU\D$\GSM_GIS\flickr_new\vienna_4326</linkage><protocol Sync="TRUE">Local Area Network</protocol></itemLocation></itemProps><copyHistory><copy source="D:\GSM_GIS\twitter_new\vienna_4326" dest="\\PORRAS-TU\D$\GSM_GIS\flickr_new\vienna_4326" date="20190112" time="15204200"></copy></copyHistory></DataProperties></Esri></metadata>
