arc_id;user_id;polarity;subjectivity;lang;TextBlob;lat;long
10;19651918;-0.6999999999999998;0.6666666666666666;en;think youre having a bad week? warren buffett has lost $2 billion in 2 days  $ko $ibm ;48.215272;16.364636
32;22980385;-0.15555555555555556;0.4222222222222222;en;@derkierig was busy with a hectic family day. didnt keep up with all my messages on social media i am afraid.;48.24223075;16.38600647
102;351156603;-0.7625;0.75;en;where does formula and louie find these inhumane individuals what the fuck!!;48.233848;16.337438
107;343371178;-0.10416666666666667;0.22916666666666666;en;when you say something, mean it. no second guessing, no taking it back...!!;48.15203831;16.31613507
163;14280313;-0.2;0.7;en;@patrick_h_lauke harsh man, unless i am misunderstanding your intent.;48.22007198;16.36074404
204;554706629;-0.2;1.0;en;"timo in a ball. wow. 
#bored #fhwien #fhwienwkw #selfie #iphone #snapseed #varg #cuntmuggit @ fhwien ";48.2269;16.3486
235;96660620;-0.2777777777777778;0.34444444444444444;en;"thunderstorm with rain -&gt; broken clouds
temperature up 13c -&gt; 16c
humidity down 93% -&gt; 77%
wind 8kmh -&gt; 9kmh";48.2;16.37
269;1319196858;-0.75;1.0;en;@claretraz its stopping me from going to shebeens :(;48.24526376;16.36041186
313;1319196858;-0.525;0.8;en;why do i always seem to go into work hungover lately :(;48.24519709;16.36038446
316;99538556;-0.2916666666666667;0.5416666666666666;en;selfie and go @ hard rock cafe vienna ;48.2113;16.37556
340;1868119560;-0.17777777777777778;0.6;en;dms dry. notifications dry. fuck twitter rn.;48.25946323;16.39884465
446;823932001;-0.125;0.375;en;can not stand when people look at you like youre from an other planet;48.2476735;16.3625807
450;964981693;-0.10714285714285714;0.7142857142857143;en;i am not weird, just a limited edition  #limitededition #weird #girl #selfie #me #hat ;48.2083;16.3731
459;84654795;-0.1;0.1;en;another fitness-day... (@ unicredit center am kaiserwasser in vienna) ;48.23311939;16.42578049
479;539022160;-0.20000000000000007;0.5833333333333334;en;casual busy afternoon #mercurypuzzle #headquarters @ mercurypuzzle hq ;48.19003928;16.34202844
497;9,113E+17;-0.4;0.7;en;" keep your face always towards the sunshine and the shadow will fall behind you 
so hoping ";48.2083;16.3731
531;84822259;-0.8138020833333331;0.6666666666666666;en;@aboogahl @ablafahita @ramiii are you fuckin serious?!!!!;48.235733;16.439107
542;163590921;-0.4;0.4;en;where is vienna on the map? play the game at  #vienna;48.2066;16.3828
546;1335000614;-0.39999999999999997;0.5;en;"@selinbiebs1256 @justinbieber you have an a in english stupid dont talk . 
he doesnt ignore us believe me ;$";48.13695593;16.32061614
553;18603164;-0.14259259259259258;0.5759259259259258;en;decided to walk to the second ubahn stop because it was such a nice morning. bad call. i had tears steaming down my face from the cold wind.;48.209586;16.358347
619;36659736;-0.7;1.0;en;lmaooo rt @o_oskywalker: can not have ugly tittes with nipple peircings;48.133882;16.278615
681;324282534;-0.75;1.0;en;body awake ...... mind still sleeping :( i just dnt want this;48.19980741;16.39404844
742;353696030;-0.4;0.6;en;@belfastmarty it just keeps getting worse ;48.190622;16.372514
778;52016242;-0.3333333333333333;0.6666666666666666;en;@acmilan: ft/fischio finale. #intermilan 1-0, palacio.  seriously, what a crappy match;48.23097248;16.3685733
816;859945602;-0.37142857142857144;0.8523809523809524;en;i am sick and tired of school and its only day two lolz;48.2236161;16.4046498
831;2745449914;-0.3125;0.6875;en;"
hi, @justinbieber

you mean the  to me 
and i hope you will follow 
me one day. 
#mtvstars justin bieber


583";48.198278;16.333186
837;1890018433;-0.1;0.3;en;vote everyday for @dylanobrien on the teen choice awards website and keep this hashtag trending on twitter: #votedylanobrienfortvvillain x2;48.19477;16.345807
906;271036332;-0.15;0.5375;en;when your in europe you really realize how silly america can be sometimes. why the hell did we settle on soccer?;48.18299197;16.38510421
909;636562071;-1.0;1.0;en;@harry_styles i saw it eeew was it as disgusting as i think ??;48.21290401;16.52656487
926;100007451;-0.390625;0.8;en;i am cryin djdh holy shit!!!;48.187651;16.412776
954;96660620;-0.2777777777777778;0.34444444444444444;en;"overcast clouds -&gt; broken clouds
temperature down -5c -&gt; -6c";48.21;16.37
957;495678750;-0.8;0.9;en;i am coming home. hate to say bye to europe but i am gonna start anew. #jta #sepanx #anew;48.16702963;16.3840669
967;21913216;-0.15000000000000002;0.5;en;#microsoft is doing dubstep music today. its not drop the bass rather than drop the stock course for them. #xbox #xboxreveal;48.16109655;16.42696898
993;107032898;-0.125;0.4;en;#productivity #mindset (rough translation: must, should, could, would, had - do!) @ cocoquadrat ;48.189838;16.36635
1003;84822259;-0.8749999999999998;0.6666666666666666;en;bad day?! ;48.23576;16.439061
1059;18998123;-0.3125;0.6875;en;@hadasvardi @nehemia_g what does this mean? i can not speak hebrew...;48.213707;16.362014
1069;95535470;-0.2;0.43333333333333335;en;annoyed about the rain in viennas esc public viewing areas? come to cabaret fledermaus to see tamara ;48.207968;16.370396
1146;346973176;-0.125;0.775;en;"""@emilyderleth: so @carlyderleth traveling europe is cool and all but i miss my sissy like crazy"" i miss you too (tweeting from austria)";48.177532;16.327184
1149;96660620;-0.15555555555555559;0.2888888888888889;en;"temperature down 8c -&gt; 4c
humidity up 80% -&gt; 93%
wind 21km/h -&gt; 3km/h
pressure 1028mb falling";48.20254;16.3688
1157;93866285;-0.42500000000000004;0.65;en;my hair is too long i hate it;48.295814;16.421585
1175;299499939;-0.8;0.9;en;people now a days will find any given reason to hate on you;48.20495644;16.37669422
1194;1728612128;-0.4;0.4;en;four words: game of thrones waaaaaaaaaaa;48.203728;16.351451
1229;6621712;-0.39999999999999997;0.55;en;i actually agree with this:  microsoft keeping the floppy disc icon for save in windows phone wasnt stupid.;48.18913857;16.36225708
1257;1594231988;-0.125;0.1;en;museum of military history, vienna #vienna  - visit now! #traveling #tourist;48.184233;16.388963
1294;96660620;-0.15555555555555559;0.2888888888888889;en;"temperature down 19c -&gt; 15c
humidity up 52% -&gt; 55%
wind 3kmh -&gt; 1kmh";48.2;16.37
1320;305808953;-0.2;0.0;en;gonna waste one month in europe without going to london.;48.202278;16.370265
1329;193961276;-0.2;0.85;en;@nghoooooooooooh uhh.. lemme just hit you up on sunday. its my day off and the only time i can guarantee that i will not be too tired to think;48.1660552;16.3161952
1357;2210666898;-0.75;0.95;en;the worst thing of all is #standing by when folks are doing #something wrong. kirby larson;48.202541;16.368799
1378;2745449914;-0.3125;0.6875;en;"
hi, @justinbieber

you mean the  to me 
and i hope you will follow 
me one day. 
#mtvstars justin bieber


531";48.198294;16.333166
1465;636429570;-0.5;1.0;en;i am bored as heeeeeeell.;48.183436;16.292934
1494;1412484398;-0.2388888888888889;0.45;en;"late vegetarian #dinner -&gt; #sauerkraut / #cabbage, typical #austrian dish, usually served with meat. ";48.2083;16.3731
1511;248281287;-0.2;0.4;en;"""@itsohsodemi: demi on stage #16 #gmademi "" le me dead";48.2406056;16.3856607
1512;2885445840;-0.24444444444444446;0.8222222222222223;en;sorry that i get a bit loud in the end but its a serious #medicine ;48.2083;16.3731
1533;2745449914;-0.3125;0.6875;en;"
hi, @justinbieber

you mean the  to me 
and i hope you will follow 
me one day. 


928";48.198231;16.333147
1544;252659054;-0.2;0.4;en;"when @gottabefearless is dead but she hears the name maisam &gt; ";48.176042;16.324195
1576;274593694;-0.8;0.9;en;"@_dilaramalik yeah...she also said something about louis voice but both of our fandoms sent her hate afterwards and i think shes &gt;";48.28802762;16.41073181
1601;96660620;-0.2777777777777778;0.34444444444444444;en;"overcast clouds -&gt; broken clouds
humidity down 81% -&gt; 78%
wind 7kmh -&gt; 8kmh";48.2;16.37
1623;634743901;-0.3125;0.6875;en;"@harvey #harveysradiotourspree please follow /dm harvey it would mean a lot , thank yeah 43""";48.2553239;16.4390699
1660;96660620;-0.2518518518518519;0.262962962962963;en;"broken clouds -&gt; few clouds
temperature down 25c -&gt; 24c
humidity up 38% -&gt; 44%";48.2;16.37
1684;22980385;-0.19444444444444445;0.4666666666666667;en;"#ff if you like food&amp;travel (with a touch of humour) then why arent you following its a tough job but someone has to do it @zurichvienna";48.24579015;16.36824493
1705;7471312;-0.2;0.0;en;"uks ministry of defence is losing the war on #procurement waste, via @blurgroup
#publicprocurement ";48.1713711;16.33304819
1715;859945602;-0.10714285714285715;0.7678571428571428;en;i wanna be drunk when i wake up on the right side of lukes bed;48.2320031;16.3934293
1716;20787316;-0.25;0.5;en;@mrsnickyclark stunningly so. ill take some pix later!;48.21692272;16.38050141
1733;96660620;-0.15555555555555559;0.2888888888888889;en;"temperature down 19c -&gt; 15c
humidity up 52% -&gt; 55%
wind 3kmh -&gt; 1kmh";48.2;16.37
1757;40217286;-0.75;1.0;en;technologieberater (m/w) sap fi/co und scm - accenture: (#wien)  #it #job #jobs #tweetmyjobs;48.208174;16.373819
1801;22980385;-0.3666666666666667;0.6333333333333333;en;second trip to the dentist within a month. that is just not fair :(;48.23360651;16.32814053
1812;476246002;-0.25;0.8888888888888888;en;"@chickadee1234 @liz1b20 @karencrazycat @70sjan @ashworthshirls @sking1968 me too,&amp;its not it could hurt,but till now not sure which1&amp;wherexx";48.227681;16.340127
1858;19026080;-0.7142857142857143;0.8571428571428571;en;spend the morning cleaning my house from to to bottom plus tending to two sick kids. now for a ;48.2083;16.3731
1867;21913216;-0.5;1.0;en;weird people are weird. still.;48.16109948;16.42700263
1937;913250342;-0.5;0.3;en;"@girlposts: parents: ""how come youve failed the exam?""

me: ";48.23806621;16.38934128
1970;82451031;-0.75;1.0;en;ohhh summer where are you??? :( #summer #rain #sky #raining #city #clouds #traffic #sun #vienna #wien ;48.152111;16.320908
1980;2286273545;-0.3125;0.6875;en;"@niallofficial 
hiii niall
pleaseee follow mee  
it would mean the world for me  
please.  
lovee you sooo muchh  
24x";48.204925;16.333107
2007;37394881;-0.25;0.5;en;"come &amp; talk english with me. ill help ju.";48.23439242;16.36613186
2015;22980385;-0.25;0.425;en;lds are wrong. its not lib dem in vs ukip out - its our kids future vs a past that never existed. #eu;48.16209086;16.38834102
2046;24233306;-0.1;0.5;en;not ready to leave vienna ;48.21530421;16.36487321
2051;859945602;-0.6;0.95;en;@luke_brooks chicken wings or pizza ?;48.2345959;16.394005
2086;96660620;-0.1;0.6;en;"moderate rain -&gt; heavy intensity rain
temperature up 16c -&gt; 17c
humidity up 86% -&gt; 99%
wind 2kmh -&gt; 5kmh";48.21;16.37
2145;1205346608;-0.2890625;0.59375;en;"@real_liam_payne hey sunshine 
if you see this, would you mind taking a little bit of your time to follow me? would mean the world to me!";48.206792;16.39522
2151;636562071;-0.4;0.6;en;"zayn whats that jacket .&amp; ehy are you still sexxy as fuck wearing it ?? #1dmoviepremiere";48.21373245;16.52702378
2185;86590705;-0.19375;0.875;en;if you are not excited, it is not important #whentobenervous;48.190786;16.367311
2335;324282534;-0.3;0.8;en;saying no for weekend was not good idea ... :/ (@ rochuspark) ;48.20211215;16.39353247
2352;804806838;-0.245;0.63;en;very much :( ;48.1684918;16.3689943
2353;64052623;-0.5;0.9;en;found the bar! chilling (@ hotel astoria in wien)  ;48.2046152;16.37015395
2360;4494265109;-0.1;0.65;en;there is a difference between conviction and fashion, but there is only one green thought that ;48.2083;16.3731
2478;312471753;-0.3375;0.55;en;adolf is taking me to breakfast this morning i am a rude weirdo and dudes still go for it dumb suckas;48.19694297;16.36085827
2496;14983173;-0.5;1.0;en;the infamous #operahouse in #vienna. i look forward to  a show here one day.  ;48.20307764;16.36937182
2527;338872204;-0.6999999999999998;0.6666666666666666;en;taking taxis to art museums because i am a bad bitch;48.20531398;16.33653695
2585;44193782;-0.25;0.5;en;vienna ill be back  #erasmus #vienna #austria #gardens #europe @ ;48.2083;16.3731
2590;15126977;-0.10714285714285715;0.7178571428571429;en;...the line between wrong and right is the width of a thread from a spiders web...  ;48.18028833;16.39953333
2608;2745449914;-0.390625;0.6875;en;"

luke hemmings 5sos
you mean the  to me 
please make me the happiest person
and follow me!
ilysm
@luke5sos 



59";48.198267;16.333082
2674;21913216;-0.25;0.5;en;japanese sounds weird.;48.16111957;16.42698495
2687;25484761;-0.2916666666666667;0.5416666666666666;en;monday #wod done. its going to be a hard journey, again.  #crossfit;48.2252132;16.3495043
2703;252659054;-0.5;1.0;en;now ill have to walk through 173294 meters of ice and snow. awesme.;48.176016;16.324079
2714;270361995;-0.6;0.95;en;"""@michael5sos: all i need is orange chicken"" @briidgettez  hes us";48.1872116;16.3020161
2717;96660620;-0.15555555555555559;0.2888888888888889;en;"temperature up 13c -&gt; 14c
humidity down 82% -&gt; 76%
wind 3kmh -&gt; 4kmh";48.2;16.37
2730;210898323;-0.3;0.4;en;nobodyd want someone as chaotic as me~~ at least i wouldnt;48.170444;16.415527
2748;732924114;-0.14722222222222223;0.5722222222222222;en;"i dont even get mad at people anymore when they show their true colors..
i just become less ";48.16822864;16.34400938
2846;1868119560;-0.3333333333333333;0.6666666666666666;en;@zayankazi @p0sitiv3vib3s @princessaflol fuck that i take my lob. you aint shit but a sub par thirsttrap. fuck you hoe.;48.25949056;16.39884126
2867;23105968;-0.125;0.375;en;update: police found the stolen tennis bag which used to contain the ipad, among other things, in the cellar of the building 1/2;48.19595023;16.34327338
2963;527810733;-0.7142857142857143;0.8571428571428571;en;i am feeling sick ;48.230935;16.375746
3015;816918619;-0.75;1.0;en;ummm yummy. oh god calories :(( ;48.1998933;16.3772575
3023;864139495;-0.23999999999999994;0.7888888888888889;en;@colferelette yeah, sure ): i sometimes feel like in a very bad episode of glee :/ but at least we dont tweet any of them like some ppl do;48.24033761;16.38651297
3028;193961276;-0.7142857142857143;0.8571428571428571;en;feel sick;48.1665175;16.316157
3064;359442936;-0.75;1.0;en;@arianagrande please do it tomorrow! and not while i am sleeping :(;48.238614;16.3881132
3090;37881790;-0.625;0.29999999999999993;en;i just ousted @wort_witz as the mayor of fail on @foursquare! ;48.18580231;16.35099842
3109;18363370;-0.15000000000000002;0.6;en;forced to utter horrors #rayhanna #niciminash #andallthatshit;48.22243588;16.36531428
3133;2333368759;-0.1;0.4;en;it seems after roughly 12 cups of coffee, i start snorting that stuff. #viennacoffeefestival ;48.21268497;16.32473653
3181;508898506;-0.5000000000000001;0.8666666666666667;en;casual tuesday w/ @jessicae98_ ;48.217133;16.375591
3192;592959236;-0.13333333333333333;0.3666666666666667;en;when i miss you, i re-read our old conversations and smile like an idiot.;48.17147278;16.31465582
3228;321504223;-0.25;0.8888888888888888;en;@lucygrie nah, not sure about that...but i was celebrating for you :d #antidance;48.15221657;16.46744345
3246;161990818;-0.1;0.6;en;hey,  austria!) lets have fun tonight. maggie,  dont be so  drunk @ vienna, austria ;48.2083;16.3731
3255;38514576;-0.5;0.9;en;an insect in amber. what could possibly go wrong? @ nhm naturhistorisches museum wien ;48.20515278;16.3602513
3297;21913216;-0.3333333333333333;0.625;en;the word emancipation contains man. odd that it isnt gendered yet by weird over-left people.;48.19704259;16.34448425
3390;1912314690;-0.48750000000000004;0.52;en;why did you have to just die? you got it at the very least deserves! i miss you paul walker;48.15085;16.2854689
3412;96660620;-0.15555555555555559;0.2888888888888889;en;"temperature down 18c -&gt; 16c
humidity up 41% -&gt; 66%
wind 4kmh -&gt; 1kmh";48.21;16.37
3487;449043928;-0.14583333333333334;0.7708333333333333;en;if only people would know how hard it is to be a fangirl;48.18017148;16.40784048
3493;185655012;-0.5;1.0;en;bored at school @ vhs 10 ;48.17514429;16.37492183
3504;59033446;-0.6;0.9;en;when will you realize, vienna waits for you?  wien, you stole my heart and i am afraid you forgot to ;48.212201;16.341714
3600;545436528;-0.75;1.0;en;@ddlovato i miss sonny with a chance :(((;48.20593101;16.37128893
3618;859945602;-0.175;0.8250000000000001;en;i forgot that my tea is still hot and fucking burned my tongue;48.2289946;16.3886727
3629;1504714874;-0.5;1.0;en;ill press your hand against my face, weaken my resistance. ill pull the sheets over our ;48.18527424;16.31330738
3688;15126977;-0.4;0.7;en;"secret code

#architecture #facade #canon #vienna @ canon hq ";48.14354212;16.37949782
3701;33886288;-1.0;0.9;en;dont be a racist - hate everyone!;48.22322483;16.42609349
3705;96660620;-0.15555555555555559;0.2888888888888889;en;"temperature down 4c -&gt; 3c
humidity up 76% -&gt; 87%
wind 11km/h -&gt; 10km/h
pressure 1015mb falling";48.20254;16.3688
3713;597172780;-0.7;1.0;en;"shes ugly af ""@rihannavine: #rihannavine """;48.187943;16.3599107
3718;162864752;-0.4318181818181818;0.7272727272727273;en;is it just me who thinks his new haircut is horrible;48.16782;16.428313
3743;316338465;-0.4;0.6;en;turns out i am traveling tomorrow what the fuck ;48.18229511;16.36023223
3781;1499855875;-0.175;0.3;en;somewhere in the distant past @ vienna, austria ;48.2083;16.3731
3794;20898864;-0.78125;1.0;en;"@thfwhu in austrias wc qualifier vs ireland he conceded a penalty with a mistimed tackling - well, ""pogerl"" sometimes tends to mad actions!";48.217;16.29891
3820;1211386380;-0.13333333333333333;0.16666666666666666;en;"like a... cow. #beef #glory #moo  @ beef &amp; glory ";48.2117999;16.34881
3878;27834221;-0.24999999999999997;0.6916666666666667;en;#vienna #sightseeing #walking in the cold to clear my mind ;48.20743;16.3597499
3887;1063076700;-0.8;0.9;en;truecaller grabs $60m to help you avoid spammers and annoying calls #humanrights  #leader ;48.20849;16.37208
3901;2612567884;-0.75;1.0;en;#np robin thicke-lost without you :(;48.181125;16.370285
3903;23326971;-0.43333333333333324;0.5833333333333333;en;@avfc_clampy oh typical, always pointing out the bad things.;48.2162964;16.3265076
3929;2728339293;-0.5;1.0;en;bored;48.216336;16.494941
3972;1320155582;-0.2;0.1;en;this moment, if you are looking for the name of a song and few words to remember typing on youtube: d;48.26254802;16.38794305
3986;153491311;-0.5;1.0;en;@badgoff btw angry is slumbering for now...expect to unleash him against some slovenians soon. you still playing?;48.23873529;16.31546334
4009;274593694;-0.16666666666666666;0.3833333333333333;en;woke up wanting to wear blue jeans but now that i am bound to wear these for the rest of the day in seriously questioning this decision;48.287139;16.410283
4018;96660620;-0.4;0.4;en;"at 1:30am:
broken clouds -&gt; scattered clouds
wind 4kmh -&gt; 3kmh";48.21;16.37
4029;242733716;-0.16666666666666666;0.3333333333333333;en;"privy garden 
be as a hidden place, no one can read or suspect";48.202541;16.368799
4040;578391355;-0.625;1.0;en;@theonlykenz  i was so mad;48.245416;16.440407
4058;2745449914;-0.3125;0.6875;en;"
hi, @justinbieber

you mean the  to me 
and i hope you will follow 
me one day. 
#mtvstars justin bieber


623";48.198272;16.333158
4084;71528370;-0.6;0.9;en;pm: geisterstunde-shopping bei crazy jane fashion am 06. dezember  ;48.222116;16.372033
4091;351156603;-0.3875;0.825;en;why open my windows bro i can not take a shit in the cold :( tmi but idgaf;48.23393705;16.33747138
4166;28589097;-0.5;1.0;en;guilty.  #rmdrake @ vienna, austria ;48.2083;16.3731
4168;445041860;-0.1;0.5;en;you were the only one who could break the spell and destroy me #movieawards #votesnowwhite;48.2242344;16.4017886
4223;96660620;-0.15555555555555559;0.2888888888888889;en;"temperature up 15c -&gt; 16c
humidity down 87% -&gt; 77%
wind 8kmh -&gt; 6kmh";48.2;16.37
4240;277135199;-0.1;0.1;en;i am at stadion center (wien) ;48.21034882;16.42136955
4270;16015366;-0.5;0.4;en;"""[actor x] will play [character x] in [game x]"" ... just ... argh! #emancipationofgames #not";48.26848623;16.40258975
4326;216134263;-0.6;0.9;en;halleeeeerrr #soremuscles i am afraid to lose balance while i am walking since my thighs feel like jelly;48.20142429;16.36342105
4353;96660620;-0.15555555555555559;0.2888888888888889;en;"temperature up 10c -&gt; 12c
humidity down 66% -&gt; 54%
wind 10kmh -&gt; 11kmh";48.2;16.37
4436;37394881;-0.4;0.7;en;i am hiding behind a towel ahahaha;48.23388269;16.36636356
4479;2745449914;-0.390625;0.6875;en;"

luke hemmings 5sos
you mean the  to me 
please make me the happiest person
and follow me!
ilysm
@luke5sos 



307";48.198222;16.333075
4590;831914852;-1.0;1.0;en;evil child! ;48.209949;16.373848
4619;1169104555;-0.55625;0.79375;en;i can see ..why you guys hate on justin  i mean look at that ;48.22928081;16.32821488
4659;255530544;-0.23333333333333334;0.2833333333333333;en;at least i have half of the song in romaji now and understand the sense of each sentence *^__^*;48.17340946;16.28599
4703;1868119560;-0.25;0.5;en;@im_husslin:   dont post no more pics like this.;48.25942304;16.39882632
4750;193961276;-0.4;0.6;en;@a_creep how do i fuck train man;48.197319;16.336319
4756;21913216;-0.5583333333333332;0.8333333333333333;en;please, dont ever use the term gaymer in my presence. unless you want me to punch you for bad puns and ridiculous words. cheers!;48.16107052;16.4270174
4821;263411060;-0.3;0.6;en;@cariiixoxo well duh ;48.22189227;16.37171803
4849;219787744;-0.1;0.2125;en;green it i am haushalt (@ twenty.twenty - exploring the future - @exploring2020 w/ @mlinzner) ;48.19950666;16.34598255
4874;859945602;-0.5;1.0;en;@5sexofbeauhoran fucking creepy ;48.2277474;16.4021808
4935;434705219;-0.22291666666666665;0.4270833333333333;en;"""what is that moo thing called?"" ""you mean a cow?"" #shitnadyasays";48.2096974;16.338462
4951;597172780;-0.3125;0.6875;en;@zaynmalik zayn follow me pls itd mean a lot  94;48.187897;16.359961
4954;96660620;-0.2777777777777778;0.34444444444444444;en;"broken clouds -&gt; scattered clouds
temperature down 11c -&gt; 8c
humidity up 66% -&gt; 81%
wind 5kmh -&gt; 1kmh";48.2;16.37
5009;192154260;-0.16666666666666666;0.43333333333333335;en;black friday #ckf #pepyakkaspinners #pepyakkas #reateknives #epoch #ealther #pepperspray ;48.1833;16.4333
5047;851775174;-0.4;0.7;en;*secretly reading linas and derins conversation about periods*;48.217015;16.34227
5219;1205346608;-0.5208333333333334;0.7708333333333333;en;@harry_styles harry! i can not in stage stand cause is hard there idk my crossmother dont will :((;48.206774;16.395236
5297;96660620;-0.15555555555555559;0.2888888888888889;en;"temperature up 31c -&gt; 36c
humidity down 41% -&gt; 24%
wind 6km/h -&gt; 18km/h";48.20254;16.3688
5317;550034605;-0.75;1.0;en;@real_liam_payne still not sleeping, because i am waiting for you to tweet me :(;48.2352711;16.4115573
5342;378227343;-0.75;0.95;en;i just ousted @guru2 as the mayor of kfc - kentucky fried chicken on @foursquare! ;48.24242439;16.43357277
5377;229455242;-0.375;1.0;en;still hitting the road to vienna. night already, driver is speeding up, a bit scary. lazy body and sleepy mind  ;48.16317505;16.3485383
5414;527810733;-0.10714285714285715;0.7178571428571429;en;"i feel something so right
doing the wrong thing
i feel something so wrong
doing the right thing ";48.23039926;16.37580667
5432;34972271;-0.28125;0.23333333333333334;en;"#pride #parade (which is a ""#rainbow parade"" here - adorbs!) by the #burgtheater #welovevienna #wien ";48.210355;16.360892
5445;96660620;-0.15555555555555559;0.2888888888888889;en;"temperature up 9c -&gt; 16c
humidity down 81% -&gt; 55%
wind 2kmh -&gt; 4kmh";48.2;16.37
5491;274593694;-0.3499999999999999;0.5833333333333333;en;such a bad week to be a kendall stayer. thank you steven taylor.;48.28799734;16.41061622
5496;96660620;-0.15;0.39166666666666666;en;"clear sky -&gt; broken clouds
humidity up 69% -&gt; 74%
wind 6kmh -&gt; 8kmh";48.2;16.37
5593;351156603;-0.4;0.6;en;@thevinefights: son beat tf out of him    what the fuck ;48.233838;16.33744
5614;2745449914;-0.3125;0.6875;en;"
hi, @justinbieber

you mean the  to me 
and i hope you will follow 
me one day. 


875";48.198242;16.333126
5631;21913216;-0.5;1.0;en;weird to travel without backpack.;48.2118391;16.38187642
5653;636562071;-0.4;0.6;en;austrianeedsawwatourdate !! @onedirection my exercise ... hirt like fuck;48.21287584;16.52651697
5674;859945602;-0.775;0.95;en;"i think i am falling for a friend

not again

i hate having a crush :(";48.2289222;16.3886134
5731;96660620;-0.15555555555555559;0.2888888888888889;en;"temperature up 21c -&gt; 22c
humidity down 56% -&gt; 53%";48.2;16.37
5741;96660620;-0.15555555555555559;0.2888888888888889;en;"temperature down 11c -&gt; 7c
humidity up 76% -&gt; 81%
wind 11kmh -&gt; 8kmh";48.21;16.37
5772;1890018433;-0.65;1.0;en;@se_dylanobrien correction: the very sad club;48.194827;16.345809
5804;449043928;-0.4;0.6;en;@jaibrooks1 @jaibrooks1 #jaifollowmeyouasshole follow me please i would fuck a sloth for you nmhfd;48.18522573;16.41806973
5805;851775174;-0.25;0.0;en;"""@officialr5: just killed an audition for disney so well see what happens! -riker""

riker was supposed to be on disney?";48.216955;16.34223
5809;32253172;-0.3125;0.4;en;watching the #redsox in austria. its 1:00am and i have got a small ipad... lets go!;48.19466299;16.33715771
5810;40217122;-0.75;1.0;en;"account manager f&amp;b - austria - oracle: (#wien)  #sales #job #jobs #hiring #careerarc";48.2081743;16.3738189
5811;96392763;-0.29999999999999993;0.95;en;pork is a huge fan of mission impossible thus, visiting the opera hse in vienna is a must!! ;48.20307764;16.36937182
5907;859945602;-0.27499999999999997;0.6666666666666666;en;how  i wish i could delete my first tweets cause they are so stupid;48.2290021;16.3888925
5983;601165544;-0.4653846153846153;0.5641025641025641;en;the raw brocolli was a bad choice for me today #brocolli #culinarium;48.21889832;16.35761311
6110;334413423;-0.14375;0.5166666666666666;en;and in dublin airport you had them smash my wheel on my suitcase ! after getting the zip fucked on the first one!;48.18015532;16.37443584
6146;23326971;-0.25;0.9;en;"i am miserable, only found ""sexy"" and ""fuck"" ffs 
""@brilliant_ads: look and find billy! """;48.2163072;16.3265641
6185;302246381;-0.1;0.55;en;only a few weeks to go until my dublin gig at @rubysessions. looking forward to seeing you there ;48.2083;16.3731
6209;94822509;-0.6;0.7;en;@kirs10_wilson whaaaaaat. well all da trent mandem fancy you innnneeettttt. you ma fav nottingham galdem ever  (soz so fucked in austria);48.194476;16.33025
6255;351156603;-0.4;0.6;en;all i do is fuck things up.;48.25327;16.287586
6262;96660620;-0.1;0.25;en;"current weather in vienna: few clouds, 20c
100% humidity, wind 1kmh, pressure 1018mb";48.2;16.37
6274;1868119560;-0.25;0.45;en;8852 i would never stick my tongue in a girl asshole that is gross af bitch wats wrong w you;48.25941243;16.39882633
6301;270361995;-0.4;0.7;en;tired of playing games;48.1871934;16.3020321
6305;2745449914;-0.390625;0.6875;en;"

luke hemmings 5sos
you mean the  to me 
please make me the happiest person
and follow me!
ilysm
@luke5sos 



52";48.198296;16.333082
6306;40301195;-0.375;0.5;en;senior softwareentwickler (m/w) net - accenture: (#wien)  #job #jobs #hiring #careerarc;48.2081743;16.3738189
6332;345339689;-0.45;0.44999999999999996;en;#behindertenparkplatz am #dach???? #what the fuck #fail #building #roof @ gasometer ;48.185323;16.419116
6336;50585639;-0.5;0.5;en;"back to juridicum for a lecture on copyright &amp; plagiarism after 11 yrs. nothings changed. still awful in here... #uni";48.214946;16.363758
6363;27841542;-0.6999999999999998;0.6666666666666666;en;# #graffiti have bad days too #punk #vienna #safetypins @ yppenplatz ;48.21378653;16.33618378
6384;235327186;-0.4375;0.5666666666666668;en;pick up, pick up your bloody arm and put it round, put it round the shoulder of your lover!!;48.19853885;16.35001533
6401;7363572;-0.175;0.30000000000000004;en;probably not a good idea to try the maze... i have a plane to catch later...  ;48.185775;16.312723
6414;7,27285E+17;-0.1;0.4;en;#world #wide #web #austria #vienna #rassimus #revolution @ vienna, austria ;48.2083;16.3731
6441;75480416;-0.3;0.4055555555555556;en;"turns out missing my flight wasnt such a bad thing after all. 
i have never seen a city so ";48.2083;16.3731
6477;3026705416;-0.5;1.0;en;artist transforms bananas into works of art | bored panda  #arts #banana;48.206855;16.346989
6542;859945602;-0.4;0.7;en;"yeah you can say i spend my whole life on twitter and stalk the janoskians and tweet pervert stuff 

[ evil smirk ]";48.2315763;16.391516
6578;2745449914;-0.3125;0.6875;en;"
hi, @justinbieber

you mean the  to me 
and i hope you will follow 
me one day. 
#mtvstars justin bieber


454";48.198288;16.333174
6615;69519848;-0.5;1.0;en;so sad...;48.217204;16.392572
6640;859945602;-0.25;1.0;en;isnt it sad that we can only be in our dreams the girfriend of 1/5. *creying*;48.23209745;16.3934695
6674;181152373;-0.5;0.75;en;open your mind,rethink and delete the devastating stigma of hiv disease patients from your mind. regan hofmann at #tedxamring;48.205553;16.359065
6689;2745449914;-0.3125;0.6875;en;"
hi, @justinbieber

you mean the  to me 
and i hope you will follow 
me one day. 


337";48.198296;16.333137
6754;96660620;-0.15555555555555559;0.2888888888888889;en;"temperature up 9c -&gt; 16c
humidity down 81% -&gt; 55%
wind 2kmh -&gt; 4kmh";48.2;16.37
6772;183902523;-0.15000000000000002;0.5;en;the loft- house of bass;48.2087978;16.33788265
6810;542796033;-0.17916666666666667;0.26666666666666666;en;@iamtessscott its all about the fate of the little monkey, everything else is secondary and uninteresting;48.233913;16.323659
6850;859945602;-0.7999999999999999;1.0;en;"-) luke brooks
-) daniel sahyounie
-) beau brooks
-) james yammouni
-) jai brooks

sounds stupid, but they are my life savers &lt;3";48.2319349;16.3915851
6881;96660620;-0.15555555555555559;0.2888888888888889;en;"temperature up 29c -&gt; 32c
humidity down 51% -&gt; 42%
wind 5km/h -&gt; 3km/h";48.20254;16.3688
6882;2745449914;-0.390625;0.6875;en;"

luke hemmings 5sos
you mean the  to me 
please make me the happiest person
and follow me!
ilysm
@luke5sos 



127";48.198286;16.333162
6955;446604515;-0.6;0.4;en;@cflemion ...... disappointment is on my face;48.217763;16.322305
7010;18363370;-0.5;1.0;en;all the gory bits of hemlock grove ;48.190464;16.352418
7044;96660620;-0.15555555555555559;0.2888888888888889;en;"temperature down 10c -&gt; 8c
humidity up 81% -&gt; 87%
wind 6kmh -&gt; 5kmh";48.2;16.37
7052;96660620;-0.1;0.25;en;"current weather in vienna: few clouds, 24c
44% humidity, wind 8kmh, pressure 1011mb";48.2;16.37
7071;2825191;-0.5;1.0;en;"its official, austria is still obsessed with facebook. sometimes, i think the word ""facebook"" is used instead of ""internet"". #wpsummit14";48.206797;16.3649
7077;712678824;-0.14583333333333334;0.3208333333333333;en;you have to dream hard, wish big and chase after your goals because no one else is going to do ;48.21423;16.48555
7120;351156603;-0.2;0.6;en;this dude doesnt follow me but checks my timeline everyday;48.233854;16.337438
7138;2163533379;-0.5;1.0;en;jesus~i ask you to take away the anger~and forgive the people who cheat fake lie and steal~and help me forgive~jesus bless all 01am austria;48.28977832;16.38643025
7180;2891006421;-0.15555555555555559;0.2888888888888889;en;@atviassist austria , ps4 ,wired ,internet 65 down 60 up psn is. allright and online;48.283133;16.368892
7218;45879724;-1.0;1.0;en;i saw a shop selling rolex watches, and now i have the rolex sweep stuck in my head. what an awful song.;48.204227;16.370715
7249;1559916798;-0.75;1.0;en;@b_halaumudumvar  coome on what the hell is this shity stuff :(;48.2464066;16.3372678
7254;96660620;-0.2518518518518519;0.262962962962963;en;"few clouds -&gt; broken clouds
temperature down 21c -&gt; 20c
humidity up 49% -&gt; 52%
wind 6kmh -&gt; 5kmh";48.2;16.37
7328;550034605;-0.5;1.0;en;@harry_styles one day you will follow me yes when ill marry you hahaa;48.2353311;16.4114788
7349;2323727194;-0.640625;1.0;en;go watch cams video now or ill get mad    ! like and subscribe  #bestmassageever x49;48.207508;16.379052
7565;113028747;-0.15000000000000002;0.5;en;freaka (lost in bass) am 10.06.2018 beim ute ;48.226;16.3109
7587;255530544;-0.5;1.0;en;sorry for the spam but i just have feels (`);48.1752381;16.28768551
7614;636562071;-0.4375;0.9444444444444444;en;guys i am on vacation in croatia not sure if ill have wifi there so maybe i am not online for 1 week please dont unfollow ! x;48.21291095;16.52651115
7642;1864432362;-0.4;0.4;en;"dont forget to vote for the tcas too please!
i have got the feeling we will not win at the tcas tbh
#mtvhottest one direction";48.200975;16.31792
7687;859945602;-0.6;0.8;en;@janosfeelss oh yeah ofc...i am fucking hungry, but dont tell jai and skip cause i can not stand their grammar mistakes;48.23193087;16.39335223
7690;622663668;-0.75;1.0;en;just woke up. its 3 fuckin am craaaaamps ughhhh i am dying :-( #whythefuckamiagirl :-( i need my pills but i can not walk :-( #fuckfuckfuck;48.22232112;16.40556007
7693;859945602;-0.3;0.9;en;@jano5cunts my v is the lock for lukes key *no sarcasm* *dirty hehe* oh i am eating this chocolat muffin yummy ;48.23209745;16.3934695
7716;46610048;-0.4;0.4;en;station 2.  (@ game city in wien)  ;48.21070944;16.35807855
7801;1335000614;-0.4;0.6;en;@beautifuigomez  @brooksbeau  shes an attention whore i dont know but shes not getting any attention from us fuck her;48.13905678;16.36435771
7833;117006787;-0.325;0.5;en;"we are now poor. 
small thing.

#cornedbeefforbubbles @ vienna, austria ";48.2083;16.3731
7840;410616985;-0.2;0.1;en;i am not going to sleep with a few words from @tylerwardmusic to me;48.211461;16.347206
7856;859945602;-0.2333333333333333;0.7000000000000001;en;*putting a fake smile on bc you dont want people to ask you why you are sad*;48.1898803;16.3152851
7866;290002497;-0.6000000000000001;0.8500000000000001;en;bloody suitcase leg broke again now i have to keep it standing all the time #annoyed;48.21486465;16.33641993
7874;549008893;-0.125;0.75;en;sharp balloon.. the idea of opposites coming together for g sakstarted today on the streets of vienna ;48.186943;16.337478
7881;1169104555;-0.25;0.6;en;always on your side! we will never ever forget you ! because youre the reason why we are smiling everyday ! #bieberfamily forever ;48.22916151;16.32824527
7925;16150759;-0.6999999999999998;0.6666666666666666;en;@rusdaboss @danisnotonfire you in bad mood? me not, me in vienna :d;48.19163272;16.36880234
7943;33237294;-0.1;0.1;en;i am at competence call center (wien, austria) ;48.18667048;16.35496733
7950;30851127;-0.1875;0.5;en;little jungle of shapes and colour #vsco #vscocam #travel #irfeurotrip15 #vienna #austria ;48.21329872;16.35691621
7961;291285163;-0.2390625;0.55;en;after a long day at the #office its time for the #gym!! #nobreak #tired #bodyandmind #vienna #austria ;48.23363;16.416457
8018;57360892;-0.3;0.45;en;my upper body is feeling crazy and i didnt even drink tonight. ;48.22293811;16.45665569
8054;21511710;-0.16666666666666666;0.5;en;"its a bit ridiculous.
1 in 10 american tourists here are wearing rolex.";48.20629901;16.38321249
8071;183950163;-0.1;0.1;en;i am at stadion center (wien) w/ 3 others ;48.210294;16.421165
8085;1147791302;-0.6333333333333333;0.9249999999999999;en;"throwback   
*be crazy *be stupid *be silly 
because life is too ";48.2083;16.3731
8113;468352002;-0.6;0.8;en;i swear i am a fucking gummy bear;48.208978;16.37274
8193;34577509;-0.625;1.0;en;mad location today @ shlss belvedere, vienna ;48.18915139;16.38643164
8199;36637021;-0.2;0.05;en;"""@time: missing #airasia flight #qz8501: no distress signal sent """;48.227526;16.351167
8223;342868700;-0.375;0.6;en;"""its never too late to change your life!"" #run #running #runningonclouds #onclouds #runonclouds ";48.2348151;16.33335463
8285;125105241;-0.2916666666666667;0.5416666666666666;en;i am at hard rock cafe vienna - @hrcvienna in wien, vienna ;48.21136374;16.37575239
8298;2337269378;-0.5;1.0;en;#repost , and poster by peter_diamond_art     ill also be a part of this exhibit in vienna this ;48.2083;16.3731
8338;274593694;-0.3378787878787879;0.6848484848484849;en;fuck all of you people who have just heard the new peace tune :((((((((((;48.28811343;16.41079531
8369;84822259;-0.4;0.7;en;@marionnette90 @maiezzeldin_ follow??? never lol;48.235769;16.439194
8385;5824502;-0.1;0.0;en;research: caffeine hits asians harder, says @johnshopkins (@jawbone #upcoffee) ;48.198707;16.365262
8402;30689848;-0.125;0.75;en;"lines. shadows. bricks.

#architecture #building #perspective #sharp #color #shadows #lines ";48.2083;16.3731
8415;25305817;-0.2;0.1;en;me wishing all of us luck in #bratislava a few days ago  #adventuresofdennis #bigdennis @ vienna, ;48.2083;16.3731
8425;116345721;-0.18125;0.36875;en;"just got an email that my german authors course is cancelled due to low enrollment

this is the class i had to buy eleven fucking books for";48.188561;16.359579
8429;20431927;-0.1;0.05;en;italy are making a few uncharacteristic errors in the opening ten minutes #worldcup2014;48.2194813;16.4001849
8437;302246381;-0.1;0.55;en;only a few weeks to go until my dublin gig at @rubysessions. looking forward to seeing you there ;48.2083;16.3731
8461;93866285;-0.7142857142857143;0.8571428571428571;en;sick as hell but i have to go to school tomorrow so i can skip on wednesday ugh;48.2958677;16.4217166
8493;4892774999;-0.15277777777777776;0.23611111111111108;en;"euro trip day 5 - vienna: haas &amp; haas tea house. one half tea shop and other half tea room. ";48.20796;16.37396
8501;19531599;-0.16666666666666666;0.7962962962962963;en;@squeaker75 @letouryorkshire @bbctdf and its in such a boring position, not an et pose, that is for sure...;48.194966;16.337151
8513;131717825;-0.5;0.6;en;@hmk_blair: @aron_robie @cannokolb @kurtis_lopez fuck yea brotha! merica;48.213082;16.380069
8523;2163533379;-0.2;0.0;en;please call them_ask them how i can claim that the aids help killed 29 of my friends_tell them to tell the truth ;48.28979927;16.38644609
8525;54379587;-0.23846153846153847;0.33461538461538465;en;loose and can not lose: wisconsin upsets kentucky to reach title game ;48.202521;16.370219
8628;2958288274;-0.13749999999999996;0.5416666666666666;en;"sooooo... just watched terminator genisys wasnt as bad as i expected;) actually some parts were as ";48.197331;16.35355
8631;96660620;-0.15555555555555559;0.2888888888888889;en;"temperature down 1c -&gt; 0c
humidity up 95% -&gt; 100%";48.2;16.37
8692;36223;-0.15625;0.34375;en;@scalzi i choose to take that sentence to mean that, in his 90s, lee travelled back to 1944 to take care of unfinished business.;48.177961;16.366299
8735;2177313951;-1.0;0.8;en;omg! @kimkardashian did that guy just say n****** in vienna??!!!!! i am in shock!!! what an idiot!!!;48.25137568;16.29239982
8773;615236979;-0.4;0.8500000000000001;en;any suggestions as to where i can get my eyebrows done in vienna without them turning out too thin?;48.183391;16.408251
8857;23326971;-0.16666666666666666;0.3666666666666667;en;"shaqiri bet with my bf:

to lfc: hell get me this years kit w/ shaqiri on it.

fcb: ill pay an extra night the next time we visit munich.";48.21693;16.350815
8865;25708064;-0.2;0.8;en;shit i need to see my eye doctor...ughhhh;48.170511;16.3803443
8911;671083;-0.19999999999999996;0.6222222222222222;en;@seanellis people just want to read about the secret sauce. too bad growth is more about consistency and attitude instead.;48.223282;16.352715
8934;983006922;-0.4;0.7;en;name: nothing, i am just tired @ plachutta ;48.20755;16.3786697
8967;838327736;-0.1875;0.5;en;@omgdirectionner harry styles - little things (shower edition);48.1886216;16.3727655
9008;313916238;-0.2;0.5;en;i stole her heart that is why shes heavily breathing.;48.20368861;16.35678081
9014;2979880064;-0.75;1.0;en;plaza host - hilton uk: (#vienna)  #hospitality #job #jobs #hiring;48.2081743;16.3738189
9062;1715467068;-0.5874999999999999;0.6555555555555556;en;green day is breaking up?!! please tell me, that is a bad joke :(;48.2018526;16.3919136
9071;252659054;-0.2;0.8;en;"tbh ""@bestofleo: when a #leo is broke, they can still find money. shit, they are money.""";48.176105;16.323754
9111;193961276;-0.25;0.8888888888888888;en;i am not sure if i just got the urge to drink juice or masturbate;48.1661163;16.3161703
9137;475153071;-0.1;0.1;en;i am at auhof center in wien ;48.20808736;16.21882439
9201;193961276;-0.11666666666666663;0.47222222222222227;en;i am a bad cool i dont know anything about anything and i want to actually go to school for just that but i can not afford to not work full-time;48.1659729;16.3163466
9247;1180294585;-0.4;0.45;en;how i hate when somebody i like writes back and then doesnt :ddd;48.1906079;16.3318103
9264;181996203;-0.25;0.14999999999999997;en;so #mariobalotelli got a ban for #racism? what about this double fail? #andreapirlo #azzurroitalia ;48.200171;16.353575
9281;96660620;-0.15555555555555559;0.2888888888888889;en;"temperature up 21c -&gt; 22c
humidity down 56% -&gt; 53%";48.2;16.37
9319;612813842;-0.4;0.6;en;i can fuck you betta baby;48.253648;16.421187
9355;243135804;-0.125;0.375;en;carefree life pt.3 a. an other photo about the inicent years of our life. #kids #children #hdr ;48.20837336;16.37306213
9362;45016042;-0.5;1.0;en;there is no exquisite beauty without some strangeness in the proportion  edgar allen poe @ ;48.2083;16.3731
9381;47474812;-0.25;1.0;en;lazy sunday cat @ sofitel vienna stephansdom ;48.212848;16.379582
9392;38388560;-0.15555555555555559;0.2888888888888889;en;look down and be enthralled by the #intricate #craftsmanship of the #wood #inlay #flooring at ;48.20462282;16.36840048
9404;1359478862;-0.1;0.1;en;somethings got billy spooked @ austria center vienna ;48.23493;16.4137099
9525;96660620;-0.15555555555555559;0.2888888888888889;en;"temperature down 22c -&gt; 15c
humidity up 46% -&gt; 76%
wind 5kmh -&gt; 2kmh";48.2;16.37
9561;96660620;-0.15185185185185188;0.3574074074074074;en;"broken clouds -&gt; clear sky
temperature down 8c -&gt; 5c
humidity up 70% -&gt; 80%
wind 4kmh -&gt; 2kmh";48.21;16.37
9651;368057420;-0.375;0.5333333333333333;en;last apple strudel forever :( #cafesperl #coffee  @ caf sperl ;48.1997641;16.36104584
9741;99724551;-0.28125;0.825;en;@mamamars62 so true! ugly!!!;48.185792;16.40421
9754;218905689;-0.119140625;0.5104166666666666;en;my first question about vienna is... what does wien mean? its everywhere!! @sim0nlee can you help? #cantspeakgerman;48.20487392;16.36900044
9765;821321702;-0.5;1.0;en;"""facts are meaningless. they can be used to prove anything"" #quellentransparenz #jt14";48.2031123;16.3601684
9773;145189980;-0.125;0.125;en;doyenne of the foreign policy press corps, lrozen , talking to @bbcnewshour abt #irantalksvienna @ ;48.204863;16.376873
9795;590948379;-0.18181818181818182;0.5272727272727272;en;lecturer opened with a photo of his new knee, went on to expain why unicorns are extinct and how noah is a facist. were going 2 b #friends!;48.21709193;16.35282999
9825;859945602;-0.2125;0.7;en;i swear this whole 0/5 thing makes me so fucking sad !;48.2346957;16.3940857
9863;96660620;-0.15555555555555559;0.2888888888888889;en;"temperature down 18c -&gt; 17c
humidity up 63% -&gt; 68%
wind 5kmh -&gt; 3kmh";48.21;16.37
9864;96660620;-0.4;0.4;en;"broken clouds -&gt; mist
temperature up -9c -&gt; -7c
humidity up 81% -&gt; 85%
wind 1kmh -&gt; 4kmh";48.21;16.37
9880;46893527;-0.15000000000000002;0.7625;en;hate not being able to take selfies;48.1935244;16.3620973
9892;250361382;-0.3333333333333333;0.6666666666666666;en;its getting serious #1weektogo #nikeplus #keepcalmandrun @ prater hauptallee ;48.204139;16.417551
9935;478886725;-0.15625;0.59375;en;@chris_stuckmann dude, i mean dude. i can not say it enough. your skit was absolutly mindblowing! some shots in there were movie like!;48.219116;16.358758
9996;15320626;-0.2;0.4;en;draw rolling now for round 2 #viennaiv ;48.21265836;16.40978622
10018;1868119560;-0.30000000000000004;0.5;en;this protein powder got me gassed the fuck up god dam. ass smell like a dead hobbit.;48.25944476;16.39882851
10053;26221006;-0.2;0.8;en;this place is the shit. that is all. (@ mamsell) ;48.1989822;16.35860285
10062;631215532;-0.2;0.05;en;@larryscumingout @blounarrypie what what what am i missing out on??;48.2141996;16.3522748
10125;96660620;-0.15555555555555559;0.2888888888888889;en;"temperature up 10c -&gt; 12c
humidity down 66% -&gt; 54%
wind 10kmh -&gt; 11kmh";48.2;16.37
10280;1864432362;-0.3;0.4;en;"""@5secsofgomezs: #askacacia at least we know the reason of stiles panic attacks and gus cancer ""
burned";48.200986;16.317939
10286;1868119560;-0.3666666666666667;0.6;en;of you can not handle your liquor ill probably end up american x curb stomping you. fucking buzzkill.;48.25944919;16.39881611
10303;37441486;-0.1;0.5;en;summer you are around the corner and i am not ready yet and even though i agree with the ;48.19766;16.35304
10342;2337269378;-0.5;1.0;en;#repost , and poster by peter_diamond_art     ill also be a part of this exhibit in vienna this ;48.2083;16.3731
10374;745030112;-0.1;0.4;en;deep in the ocean, dead and cast away;48.200021;16.338541
10440;40217286;-0.375;0.55;en;technischer account manager - systems, hardware systems technical account manager - hardware - oracle: (#wien)  #it;48.2081743;16.3738189
10471;125777460;-0.625;1.0;en;theyre mad we havent intervened, and are pushing us to do so...and then when we do theyll be mad and say its all our fault.;48.19678802;16.36088022
10554;603109164;-0.5;1.0;en;"trains departure delays 10min; i look outta window and see 5 police and security people escorting a blond girl from the platform  #scary";48.196555;16.33605
10617;859945602;-0.3333333333333333;0.7999999999999999;en;"you hate me ? 

wow, already so much in common dude.";48.2318795;16.3932498
10657;193961276;-0.15;0.6444444444444444;en;@mornacale i can not take any steps like that, i have to just wait, for an amount of time that even hes not sure how long it will be;48.1882577;16.3414972
10668;2408997332;-0.125;0.375;en;ootd from the other day  @ brandy melville vienna ;48.20067082;16.35766201
10671;20759322;-0.25;0.25;en;no guest of mine from abroad gets past a visit to #schnitzelwirt @ schnitzelwirt ;48.20249351;16.34915059
10681;107682762;-0.35;0.6000000000000001;en;0-0 is not good arsene. put #sanogo in please... #besvafc #arsenal;48.241942;16.352112
10739;22980385;-0.2;0.23333333333333334;en;here we go for the last league game this season. #faklive  ;48.162341;16.387125
10742;109150040;-0.15555555555555559;0.2888888888888889;en;you cannot aspire if you look down, to rise up you must look ;48.2083;16.3731
10750;14134141;-0.3333333333333333;0.7166666666666667;en;in vienna, eating at the infamous black camel, i ordered the ham plate, which came with shredded ;48.2100099;16.36824
10799;211142234;-0.6;0.9;en;if you think adventure is dangerous try routine. it is lethal.  paulo coelho (@ wien,austria in wien) ;48.18441708;16.37671728
10942;16150759;-0.125;0.375;en;@conflictmedia it means that i am not always glued to phones e.a. coz i do other stuff too;48.1916267;16.36877474
10949;3079280254;-0.7142857142857143;0.8571428571428571;en;"#repost @thecannonbriggs with repostapp

my brother brin wrote a sick piece about the ";48.2083;16.3731
10963;150872588;-0.4;0.6;en;spending christmas in vienna...could be worse. #christmaseve #austria @ vienna, austria ;48.2083;16.3731
11042;96660620;-0.15555555555555559;0.2888888888888889;en;"temperature up 11c -&gt; 20c
humidity down 71% -&gt; 55%
wind 3kmh -&gt; 1kmh";48.21;16.37
11097;622663668;-0.6;0.8;en;goaaaaaaallllllll oh my fucking goddddddd #ger;48.220339;16.397059
11128;86590705;-0.5;1.0;en;ill be dreaming of hotels now #thegrandbudapesthotel;48.19152206;16.36522096
11141;1070997116;-0.1;0.1;en;i am at u4 center in vienna ;48.18401184;16.32889289
11144;2152067515;-0.3125;0.6875;en;omg, could i go inside? i mean night club...;48.2011904;16.36908491
11155;324282534;-0.8;0.9;en;hai hai @abhisekhmaskey: i hate people who steal my ideas, before i think of them.;48.20881441;16.35981578
11193;296527589;-0.1;0.0;en;it was harder than we thought  #hiking #vienna @ marienpark ;48.218564;16.322101
11256;19902681;-0.5;0.9;en;sometimes.. everything feels so .. wrong...;48.17738091;16.36252684
11286;324282534;-0.25;1.0;en;ooopppppsssss moment when i forgot my card at home :/;48.20692896;16.37983456
11314;21913216;-0.7999999999999999;1.0;en;this train station has 2 mcdonalds, 3 tobacco shops and 1 restaurant. but no supermarket. stupid. i am thirsty.;48.18602295;16.37447509
11364;2745449914;-0.3125;0.6875;en;"
hi, @justinbieber

you mean the  to me 
and i hope you will follow 
me one day. 
#mtvstars justin bieber


620";48.198291;16.333152
11394;2443876709;-0.75;1.0;en;we were the biggest fans ever :( #emabiggestfans1d #stealmygirlvevorecord ;48.224659;16.473435
11421;1868119560;-0.2;0.8;en;aint shit savin us;48.25941308;16.3988054
11445;25703613;-0.3125;0.6875;en;this is what i mean once installed, i can keep clicking deinstall and install, but the values dont update ;48.180197;16.410741
11487;529528197;-0.3;0.6;en;its never too late to be what you might have been. - george eliot;48.2068885;16.3459134
11512;382733591;-0.16666666666666666;0.43333333333333335;en;@austinmahone black suit cuz you dont wanna look like a clown :d;48.1931161;16.3932934
11519;38922948;-0.5;0.7;en;@lukerapture man london is fucking expensive you give me a couch and i am there;48.20713;16.361112
11536;1496418782;-0.1875;0.5;en;what to do when your little one doesnt use the buggy anymore but is too little to walk for ;48.18527424;16.31330738
11549;1868119560;-0.2;0.8;en;dont tell some one to slide in your dms on the tl. that shit gonna have you lookin burnt af when they say no. ;48.25942609;16.39882706
11598;84822259;-0.2;0.8;en;@aboogahl you shouldnt give a shit;48.247239;16.442565
11710;48804584;-0.2;0.6;en;"""art washes away from the soul the dust of everyday life."" pablo pablo picasso (@ wubet in vienna, wien) ";48.212835;16.380744
11712;25703613;-0.2;0.05;en;how do i restore my /users/oliver/.cocoapods/repos when @cocoapods complains it is missing? tried reinstalling already;48.180454;16.410804
11714;96660620;-0.15555555555555559;0.2888888888888889;en;"temperature down 4c -&gt; 0c
humidity up 80% -&gt; 88%
wind 3kmh -&gt; 1kmh";48.2;16.37
11792;376391139;-0.20833333333333331;0.43333333333333335;en;#danube to the black sea! ;48.17439073;16.35519591
11800;550034605;-0.75;1.0;en;i am gonna cry if you will not come to austria soon @louis_tomlinson  ! :(((((;48.2352343;16.4119336
11823;2825191;-0.375;0.625;en;bradley. gives away the ball. again. for all the hype, hes the #usamt weak link. #usavsger;48.22647;16.338508
11851;242806627;-0.3;0.4;en;1/4 done. all i know is that i have to pass at least one;48.241285;16.430481
11858;431819950;-0.65;1.0;en;@sexbombstewy naaaa tom is a very selfish man when it comes to his wand;48.25834592;16.39301456
11871;156325915;-0.1;0.1;en;i am at city center vienna-austria in wien ;48.217927;16.375945
11965;280508267;-0.19999999999999998;0.8796296296296297;en;oh my its hot in here but so crazy to think though soon september starts and fall comes with it, i am not sure i w ;48.2083;16.3731
12053;2745449914;-0.3125;0.6875;en;"
hi, @justinbieber

you mean the  to me 
and i hope you will follow 
me one day. 


823";48.198235;16.333087
12067;591818862;-0.5;1.0;en;i am sorry have we met before~?;48.20475955;16.3771251
12183;21913216;-0.4;0.6;en;realisation: i am thankful for what i have. i could have it way worse.;48.16207512;16.42872164
12205;909316304;-0.2916666666666667;0.5416666666666666;en;vienna loves its statues. if it doesnt have a horse in the scene, you just arent trying hard ;48.208;16.3581
12212;2191111424;-0.11875;0.45;en;got a little #wax while i was in europe, damn man i can not go long ;48.2083;16.3731
12216;18603164;-0.15;0.5208333333333334;en;it is clear to me that either i do not have a smoke detector, or its set so low that ill be dead before it goes off #cooking;48.203431;16.341417
12233;811251121;-0.35000000000000003;0.7000000000000001;en;@cliffordsweed: quote this with a picture of michael because i really need a cheer up whats wrong? :( ;48.23947833;16.31443821
12244;455712319;-0.4;0.575;en;polish legend! 3 1 ... hate bayern and barca equally!! ;48.19978967;16.36996723
12283;859945602;-0.4;0.7;en;"can we have a week without drama please?

i am tired of the boys hating on us cause 0.01% of the fandom spreads rumours &amp;idiots believe them";48.2346679;16.3941251
12297;16200234;-0.6666666666666666;1.0;en;@quote_soup: it always seems impossible until its done. -nelson mandela;48.21766302;16.37428194
12301;134395963;-0.8;0.9;en;yes i am that annoying customer in #starbucks i know what i want #thatcustomer #reallyawkward #coffee ;48.208715;16.369641
12324;293509473;-0.15;0.2;en;we cannot control brand communication in a complex digital environment @fridaroberts #smartcontentday;48.184935;16.317663
12361;124480148;-0.2916666666666667;0.5416666666666666;en;let me kiss you hard in the pouring rain.;48.2191489;16.4022411
12369;193961276;-0.275;0.6166666666666667;en;first of the day. i hate beer ;48.1659658;16.316372
12384;96660620;-0.15555555555555559;0.2888888888888889;en;"at 7:43pm:
temperature down 22c -&gt; 21c";48.21;16.37
12452;859945602;-0.33181818181818185;0.7;en;i hate the fact that i live in narnia, with no janoskians posters i could buy.;48.2348506;16.3934575
12560;1868119560;-0.5;1.0;en;@prollyonyablock send me a link or 2 ill rt it.;48.25941689;16.3988042
12570;1575079867;-0.8;0.9;en;my parents hate me;48.22097036;16.38321863
12572;252659054;-0.2;0.05;en;"ugh ""@cnn: airasia jet with 162 on board goes missing on way to singapore: """;48.176023;16.324156
12708;252659054;-0.4;0.6;en;"""@gottabefearless: @iammaisam fuck i sinned"" ";48.176206;16.324034
12718;593770906;-0.25;0.5;en;whats the betting the english media are still obsessed with wayne rooney in the euros. roy will still be there telling us its waynes turn;48.253261;16.422871
12749;3012900879;-0.6;0.8;en;""" she a stripper , dirty dancer , and i think she need a diaper , i been talkin to the shawty , but i aint wife her "" skylers remixes ";48.192206;16.355907
12778;1475862607;-0.16666666666666666;0.6;en;that is how we like it: active discussions during the coffee break. #r20 doesnt take a break! @regions20 ;48.206269;16.365558
12803;930287720;-0.1;0.35;en;"""a woman should be... whatever the fuck she wants to be""";48.194191;16.351378
12824;144563962;-0.5;0.55;en;@dhirenk2009 @biggboss @colorstv @biggboss8latest again, seriously! not a big deal.. people who are making an issue out of it are pathetic!;48.251597;16.36366
12864;25703613;-0.3125;0.6875;en;what does it actually mean that iaps get synced across devices? will a purchase automatically appear on another device?;48.180372;16.410712
12866;186903478;-0.6999999999999998;0.6666666666666666;en;"@bestvinesever: if youre having a bad day think of this guy 

";48.2177;16.382053
12911;2815837324;-0.16666666666666666;0.43333333333333335;en;lady in black  @ leopold museum ;48.2029;16.360724
12925;1868119560;-0.375;0.5;en;@2heely4bela @__igetbuckets_ @idnttelljokes @roberto0oo0 @sarayathegiant theyre = they are. bitch you dumb as hell and fat.;48.25935568;16.39877691
12926;920973895;-0.25;0.5;en;"day 2 
crossfitviennaloft @crossfit level1

the ghd lecture, no better price of equipment for ";48.20366;16.34328
12980;16076093;-0.14999999999999994;0.47222222222222215;en;should i be ambitious? nah, i feel bad. @ crossfields australian pub ;48.20434701;16.36896206
13019;20563106;-0.25;0.5;en;"thank you for the heavy entertainment show!   
.
.
.
#robbiewilliams #ernsthappelstadion ";48.206944;16.420556
13033;2745449914;-0.390625;0.6875;en;"

luke hemmings 5sos
you mean the  to me 
please make me the happiest person
and follow me!
ilysm
@luke5sos 



245";48.198258;16.333149
13052;597172780;-0.3125;0.6875;en;@zaynmalik zayn follow me pls itd mean a lot  66;48.187906;16.359974
13105;1407508897;-0.2;0.8;en;holy shit jai followes us i am screamig;48.200985;16.2636
13112;507943741;-0.2916666666666667;0.5416666666666666;en;today: mr leather austria party. hard on vienna, hamburgerstr. 4, vienna, austria #blufclub #leatheruniform ;48.1961;16.3571
13136;529084189;-0.6;0.9;en;that crazy teacher again ;48.21488554;16.35228148
13163;17120378;-0.5;1.0;en;ill take clouds any day for traveling. #vienna #citytours @ mq  museumsquartier wien ;48.20353;16.35912
13180;351156603;-0.4;0.4;en;time to game.;48.233843;16.337434
13197;1868119560;-0.2;0.8;en;these parody accounts tho. shit make me wanna kill my self. i am bout to just hop off.;48.2594508;16.39886101
13204;21550271;-0.5;0.8875;en;if you dont take some time to be silly in museums, youre doing europe wrong (ps. if youre ;48.2052;16.3599
13262;2544348584;-0.4;0.8;en;today i am not happy. this is against my nature which causes me even feeling worse.;48.20219;16.330158
13352;234538037;-1.0;1.0;en;@coffeeshop_co coffee is utterly dreadful. the espresso is weaker than starbucks. disgusting/schlecht/furchtbar! achtung #crimeagainstcoffee;48.20742138;16.37892635
13372;1864432362;-0.3333333333333333;0.6666666666666666;en;#1ddaylive if i am not getting 1/5 i am seriously gonna cry;48.2008992;16.3181795
13385;25708064;-0.125;0.675;en;this is so random  but hoya is so hot omg i;48.1704443;16.3804281
13436;930661;-0.875;1.0;en;credit to giants d. keeping rubber on dicko to a minimum. in saying that, the kelmans are brutal.;48.170279;16.374859
13482;248281287;-0.625;1.0;en;@lovatic4lifeeee why sad smiley? :(;48.2444015;16.3788719
13545;291836043;-0.75;1.0;en;i couldnt lose my doggie :( #ripalice;48.21628421;16.35976303
13550;1868119560;-0.2916666666666667;0.5416666666666666;en;alcohol determines how hard core you are v;48.19472667;16.40239795
13579;103104528;-0.4;0.7;en;behind the scenes of #missionsusi    @ ovos media ;48.203422;16.343258
13592;5824502;-0.19999999999999998;0.55;en;who wants to go to finland to pitch in the ice cold arctic? #momoat ;48.20331675;16.35987599
13593;393474410;-0.1;0.3;en;#roger #waters #the #wall #music #pink #floyd @ vienna ;48.20519461;16.37787322
13647;936995424;-1.0;1.0;en;@helen_smyth awful sister ;48.193413;16.335503
13654;25289817;-0.21875;1.0;en;its so cold that it looks like russia!! #vienna :-) ;48.1972413;16.38558227
13701;324282534;-0.25;1.0;en;"you wanted to hurt me &amp; i did it myself ... so why are you arguing with me ... non of your concern what i drink go or anything :/";48.20114648;16.39362572
13753;98152833;-0.39999999999999997;0.7000000000000001;en;"short break mastvienna, crazy guys and crazy wines  
.
.
.
#sommelier #wineismybestfriend ";48.22505;16.36155
13771;2745449914;-0.390625;0.6875;en;"

luke hemmings 5sos
you mean the  to me 
please make me the happiest person
and follow me!
ilysm
@luke5sos 



132";48.19828;16.333167
13774;21446091;-0.2916666666666667;0.5416666666666666;en;its hard to see the world if your imagination is out of focus. @ schoenbrunn palace, vienna, ;48.18498101;16.31318422
13779;235327186;-0.78;1.0;en;amy winehouse in the rain in vienna city centre and i feel like in some sort of very depressing music video. *mouths the words*;48.20691;16.37461303
13791;859945602;-0.3;0.3;en;school sucks;48.2318538;16.3913861
13865;724408933;-0.2;0.8;en;@naomixniaz i followed this shit before i saw this;48.232318;16.393825
13866;96660620;-0.2;0.4;en;"current weather in vienna: broken clouds, 17c
68% humidity, wind 3kmh, pressure 1011mb";48.21;16.37
13869;324282534;-0.4;0.7;en;tired ~_~;48.20243756;16.39335153
13885;2335568551;-0.5;1.0;en;@visionnns ill tell you when i get to the hotel;48.216547;16.399292
14013;546102344;-0.3125;0.6875;en;time to come home. and by come home i mean leave vienna and go to helsinki for 36 hours. then toronto for 8. then home. #albertabound;48.199514;16.377592
14029;40321746;-0.1;0.1;en;were #hiring! click to apply: customer care center agent m/f -  #customerservice #vienna, v ;48.2081743;16.3738189
14045;84822259;-0.5;1.0;en;"@othmanation ill wear it all the time &lt;3";48.235796;16.439007
14047;210898323;-0.17083333333333328;0.7476851851851851;en;i mean sure, in they end they are just really bad at giving signals i guess;48.214065;16.44226
14062;390909487;-0.5;1.0;en;and ill never forget i dream in colour;48.19948135;16.35057516
14169;324282534;-1.0;1.0;en;you have options. you can either continue to be miserable or you can just accept the way things are;48.201976;16.3918358
14203;21913216;-0.5;0.9;en;i knew it! i boarded the wrong train again. now going towards airport. again. -.-;48.17812319;16.40828375
14223;592959236;-0.4;0.7;en;tired isnt even a temporary state for me anymore its just an inherent part of my personality at this point;48.17168857;16.3144588
14314;351156603;-0.25;1.0;en;need xbox 360 friends :/;48.233728;16.337595
14406;263513413;-0.2;0.1;en;its been a pleasure to work with you samchouchane . though we got in few meeting but you showed a ;48.24227359;16.43720404
14436;1273504188;-0.2;0.05;en;missing summer concerts with this one and @leahz_xo @ summer vibes ;48.20255;16.3688
14469;2745449914;-0.3125;0.6875;en;"
hi, @justinbieber

you mean the  to me 
and i hope you will follow 
me one day. 


129";48.198299;16.333114
14473;6621712;-0.17996031746031746;0.6061507936507937;en;cloud services make me sad. developing against an api that goes down right when i want to check if my changes work is not a good experience.;48.19941978;16.35097238
14476;78269677;-0.6000000000000001;0.8999999999999999;en;what will we remember from this talk? is it real or false? @matthias_hagen #ecir2015;48.195974;16.369551
14485;163590921;-0.4;0.4;en;where is vienna on the map? play the game at  #vienna;48.2066;16.3828
14523;1335000614;-0.6;0.7333333333333334;en;"pour gina has to deal with three idiots and 
shes so fucking chill and joins them in every fuck they do 
why can not my mum be like that";48.13925645;16.3642652
14567;317247556;-0.6;0.9;en;i miss you like crazy;48.245027;16.45888
14576;422095029;-0.4;0.6;en;@__shyl fuck you ahahah;48.21598628;16.31292142
14620;37913692;-0.15;0.7;en;fresh chilly air... ;48.20278927;16.36612388
14700;423552267;-0.625;1.0;en;nops. i dnt. i am still mad at yeah.;48.27394878;16.45490199
14728;2780968819;-0.1;0.1;en;i am at austria center vienna (acv) in wien w/ @haddooosh ;48.23482322;16.41364543
14765;14162766;-0.19444444444444448;0.2888888888888889;en;things i do in the bathroom before breakfast! who needs blush when your upside down! now breakfast ;48.199115;16.333904
14767;597172780;-0.3125;0.6875;en;@zaynmalik zayn follow me pls itd mean a lot  115;48.187897;16.359946
14774;1063076700;-0.5;0.9;en;geography: study wrongly predicts electric cars will not reduce pollution  ;48.20849;16.37208
14827;622663668;-0.45;0.7666666666666666;en;@phangirlwithme no its not haha i wanted to make one too but i am ill i can not even move ugh :(;48.2203887;16.3969045
14844;269143211;-0.75;1.0;en;@justinbieber does he ever notice me? :( #neversaynever;48.20646455;16.37226765
14849;235327186;-0.75;1.0;en;i have an invitation to a party at london fashion week and i can not go because i am in vienna.  why must this happen to me :(:(;48.2142278;16.44348373
14865;183103623;-0.4;0.6;en;@tjsalce worse;48.196707;16.360794
14901;425175301;-0.3;0.1;en;a candle loses nothing by lighting another candle. @ vienna, austria ;48.2083;16.3731
14905;1966824702;-0.1;0.1;en;"vlog: #vienna #blog #viennafair #viennafair2015 #art #jetzt @ messe wien exhibition &amp; congress center ";48.2160862;16.40926634
14989;636562071;-0.4133333333333333;0.6933333333333334;en;#riplarryshippers i can not believe this ... why ?? omg i wanna cry 42 ? 42 young lives enden in less then 12 hours :( omg this is so sad :(;48.21292009;16.52651635
15054;50772485;-0.1;0.1;en;just arrived @ austria center vienna ;48.222502;16.397832
15072;33237294;-0.1;0.1;en;i am at competence call center (wien, austria) ;48.18667048;16.35496733
15075;713070680;-0.1875;0.5;en;check out justinbiebers #selfie  via @shots  you little asshole follow me ;48.1706207;16.3523729
15081;38677966;-0.1;0.1;en;go! #rde18 @ austria center vienna ;48.23493;16.4137099
15104;630537121;-0.15569365530303034;0.5515151515151515;en;fuck illuminati, fuck the new world order !!!!;48.28092138;16.44985814
15130;859945602;-0.4;0.6;en;"#boyfriendproblemsnight
hes playing the non-existing one

oh..wait

fuck.";48.2294513;16.3890498
15159;96660620;-0.2;0.4;en;"current weather in vienna: broken clouds, 8c
61% humidity, wind 7kmh, pressure 1015mb";48.2;16.37
15175;851775174;-0.2;0.3333333333333333;en;"my physic exercise book...
is also chemistry 

magiiiiiiiiiic

yeah you can see my last name fuck it ";48.216942;16.34226
15209;1087354592;-0.16111111111111112;0.17777777777777778;en;touched down in vienna less than 20mins ago and were already off out #yolo #carnage;48.19678985;16.36066657
15304;29961197;-0.1;0.5;en;as if i am in the way when her cabin is empty to go in;48.17470007;16.33117774
15327;550034605;-0.75;1.0;en;i am gonna cry if you will not come to austria soon @real_liam_payne ! :(((((;48.2352822;16.4117763
15335;34667072;-0.25;0.45;en;i started writing the wrong essay for my year abroad assignment. i am not to be left unattended, you hear?;48.2478438;16.48670561
15345;859945602;-0.8;0.8;en;"*realize that my life is acutually crap* *jessie j voice* ""i can not believe that this is my life""";48.2319858;16.3933757
15363;2164963795;-0.2;0.7;en;"lifes a game to me
but with only one controller
and its out of battery

#bry #flex ";48.21778864;16.37136871
15383;195393386;-0.15555555555555559;0.2888888888888889;en;up and down on and off mulu deh nih;48.24136;16.40497
15409;449043928;-0.37499999999999994;0.3333333333333333;en;but i would do smth bad so he can arrest me ;48.18016755;16.40784341
15442;8562502;-0.1;0.35;en;and now icahn wants to fuck up apple. if i ran apple, i knew who i would hire to deal with icahn.  ;48.18977062;16.33465808
15497;349178364;-0.5;1.0;en;ill never respect the vegan burger again.they still owe me 9 euros @ veganz sterreich ;48.19516516;16.36318614
15501;274593694;-0.15454545454545454;0.4070707070707071;en;is dylan sprouse like the new king of tumblr now, since you know who fucked us over last year;48.28802621;16.41082559
15512;811251121;-0.5;1.0;en;"@luke_brooks ""ill shoot you before i ask what your name is""";48.22647718;16.33404653
15572;14556401;-0.10416666666666666;0.21666666666666667;en;back in black! #pioneers14 (@ pioneers festival 2014 w/ @haukew @kerstinkolumna) ;48.206095;16.364828
15578;2745449914;-0.390625;0.6875;en;"
michael clifford 5sos
you mean the  to me 
please make me the happiest person
and follow me!
ilysm
@michael5sos 



28";48.198272;16.333095
15645;1063076700;-0.1;0.1;en;us military operations, including nuclear testing, led to cofa pact #health  ;48.20849;16.37208
15647;1868119560;-0.4;0.6;en;aint tryna fuck, bitch just swallow me;48.26132717;16.40126614
15660;69004648;-0.175;0.95;en;@meldrummo so pissed off at myself... have found it since but missed relevant flights :(;48.18508;16.33203
15697;28589097;-0.6;1.0;en;freezing cold sunset. is it summer yet?  #0c #33f @ vienna, austria ;48.2083;16.3731
15721;69519848;-0.5416666666666666;0.8333333333333333;en;seriously i wanna play :(;48.217204;16.392572
15781;859945602;-0.22499999999999998;0.55;en;ill be online till tuesday next week and then offline for two whole fucking months bc holidays. you c my problem ?;48.2319988;16.3934725
15828;257518186;-0.75;1.0;en;@swahamed arda doesnt play :(((;48.23112038;16.39463843
15893;14331878;-0.8;1.0;en;i am at wombats city hostel vienna - the base - @wombatshostels (vienna, wien) w/ 2 others [pic]: ;48.19433123;16.33093544
15964;859945602;-0.4;0.6;en;"ew tomorrow is monday

where the fuck was my weekend ?";48.2348463;16.3935444
16008;2651827190;-0.20000000000000004;0.5333333333333333;en;@beingjoni its really truly horrible you just wait for the videos hahaha;48.187426;16.30132
16048;1868119560;-0.2;0.8;en;yall still aint on shit smh.;48.25944191;16.39883397
16071;578376435;-0.3125;0.6875;en;"
@justinbieber hi
you are my lifesaver and 
i just wanted to say thank you
a follow would mean the  to me 
stay perf 

x580";48.216599;16.332867
16107;23326971;-0.2;0.1;en;"hahahah e.g.? ""@friedchickenlfc: @aaaprillfc i may have a few suggestions on people you could kill..""";48.216425;16.3265118
16285;1868119560;-0.2;0.8;en;i just boiled some hotdogs and my kitchen smells like shit;48.25953084;16.3989399
16321;324282534;-0.2;0.6;en;dortmund .... crying will not make you winner;48.20241718;16.39344771
16354;252659054;-0.13181818181818183;0.42727272727272725;en;when you buy a new ps3 game for your brothers and a sex scene comes on ;48.176036;16.323897
16406;14946149;-0.3125;0.6875;en;@aterrel how to combine them? do you mean instead?;48.19098581;16.34456292
16416;859945602;-0.5;1.0;en;"ill give you a beau job
if you take a luke at my jai jai
then well skip to your place
and play some james

[ hehe ]";48.2346011;16.393997
16422;2825191;-0.16666666666666666;0.06666666666666667;en;"@bufferapp do you see evidence that facebook posts via buffer are ranked lower and/or featured/seen less than those which are ""handmade""?";48.2264133;16.3383954
16424;86361238;-0.1875;0.5;en;takes a little time;48.22089976;16.36381561
16440;193961276;-0.8;0.8;en;its 1 in the morning why is this keeping me up i just wanted to be horny and then sleep not this crap;48.290508;16.380367
16444;269564568;-0.5722045898437501;0.5;en;#bass in yeah face!!!!!! #clubpanda #fluc #wanne w/ @thetiefenrausch @ fluc_wanne ;48.21763886;16.3932538
16450;43361084;-0.234375;0.5;en;just a little rafting this morning before we made the drive to vienna! #traveladventures ;48.21708283;16.38963345
16456;25139544;-0.125;0.1;en;we made it to the center of the labyrinth! #dancemagicdance #wherestoby @ schonnbraum palace vienna ;48.18634466;16.31354569
16459;177288444;-0.16666666666666666;0.43333333333333335;en;formidable!  @ black rebel motorcycle club ;48.2193974;16.40060037
16471;40999193;-0.30000000000000004;0.39999999999999997;en;i slowly know jow to catch the train;48.199496;16.368977
16505;2159621215;-0.1166666666666667;0.8333333333333334;en;so behind on college shit its not even funny;48.208221;16.37176
16575;96660620;-0.15555555555555559;0.2888888888888889;en;"temperature down 8c -&gt; 6c
humidity up 52% -&gt; 56%
wind 5kmh -&gt; 4kmh";48.2;16.37
16612;1724803608;-0.75;0.9;en;@sara_vamos i dont know - this turns out to be a crazy competition!;48.203195;16.394665
16707;48318977;-0.1;1.0;en;today #foodvie carefully selected sponsored content may appear @ marktwirtschaft ;48.2021484;16.3532791
16718;547959857;-0.125;0.5;en;@lundenmichelle girl the arena is empty!;48.201975;16.333831
16724;859945602;-0.2857142857142857;0.6071428571428571;en;"ha ill end 2013 / start 2014 as a single 

lets cry together in a corner and eat ice cream";48.2294518;16.3890168
16748;541287117;-0.10000000000000002;0.43333333333333335;en;@djr_ccfc @matt_the_jack i would argue he hasnt had nowhere near enough game time to be dubbed as anything at the moment.;48.1931279;16.3322776
16750;859945602;-0.375;0.75;en;"someone here who is obsessed over the vampire academy books ?

no ?

ok ._.";48.2236099;16.404906
16776;2163533379;-0.5;0.5;en;@kittycadaver ..our daily bread/and deliver us from all evil.      amen;48.28976218;16.38642651
16790;192154260;-0.125;0.75;en;my final piece in my #pepyakka collection. the priyankaz. that is it. no more spinners for me. ;48.2083;16.3731
16808;37394881;-0.5;1.0;en;weather today is weird. looks rainy but sun is shining. hmm. weird;48.23377935;16.36621861
16812;40285493;-0.5;1.0;en;@lauracussen1 i have already followed my tumblr crush on insta and she hasnt replied so i think maybe ill always be alone ,?;48.20341042;16.37330161
16840;1378074536;-0.33181818181818185;0.6772727272727272;en;i hate the new @twitter app for iphone...;48.203772;16.373348
16881;5618832;-0.48333333333333334;0.48333333333333334;en;@ppk if android was less annoying to build, i would recommend git-bisect :-\;48.154688;16.4260212
16898;235327186;-0.6;0.9;en;btw vienna is still crazy;48.20979498;16.36731129
16903;2745449914;-0.3125;0.6875;en;"
hi, @justinbieber

you mean the  to me 
and i hope you will follow 
me one day. 


866";48.198241;16.33313
16908;22980385;-0.75;1.0;en;@s_le_bon yes its going to hurt for a while :(;48.22662055;16.30703773
16964;249818688;-0.2916666666666667;0.5416666666666666;en; #hardrockcafe #vienna @ hard rock cafe vienna ;48.2113;16.37556
17000;81423822;-0.5;1.0;en;@anna_ploeg vienna. ill be home soon to go snowboarding with you ;48.20484078;16.37789884
17004;296942148;-0.30000000000000004;0.39999999999999997;en;all m friends are heathens, take it slow  #heathens #twentynepilts #vienna #concert @ wiener ;48.20185;16.33405
17047;21913216;-0.5;1.0;en;aisle is definitely a weird word.;48.23286606;16.37131401
17073;2979880064;-0.75;1.0;en;"restaurant &amp; bar manager - hilton uk: (#vienna)  #hospitality #job #jobs #hiring #tweetmyjobs";48.208174;16.373819
17102;755767800;-0.2625;0.4875;en;and now i am living for me not for other guys fuck them;48.1846096;16.3528129
17118;838327736;-0.3333333333333333;0.6666666666666666;en;@troyesivan seriously;48.1887852;16.3730932
17142;34667072;-0.3;0.5;en;trying to make small talk with the austrian taxi driver was not a good idea.;48.19420624;16.41154425
17191;84822259;-0.1875;0.5;en;@may_s_sadek the little prince;48.235768;16.438997
17205;40217286;-0.75;1.0;en;technologieberater (m/w) sap fi/co und scm - accenture: (#wien)  #it #job #jobs #hiring #careerarc;48.2081743;16.3738189
17209;527500032;-0.3791666666666667;0.7041666666666666;en;goodbye austria i will be very very hard to miss @ wein, austria ;48.180799;16.373673
17210;130703821;-0.2;0.4;en;i swear to god if i die in a nuclear attack i am going to raise myself from the dead and start a zombie virus on north koreans;48.19480912;16.34052744
17255;543558467;-0.5;0.9;en;chilling with @terezamana in vienna @ mq  museumsquartier wien ;48.203317;16.358684
17298;2745449914;-0.3125;0.6875;en;"
hi, @justinbieber

you mean the  to me 
and i hope you will follow 
me one day. 


358";48.198302;16.333177
17321;348496747;-0.5;1.0;en;"@joshujworld i think ill give up after 400 tweets
#joshujexcited4album2 ";48.25668278;16.45921913
17329;559902376;-0.29296875;0.5;en;little rain session in slomo!! #skateboarding #rain #session ;48.23329763;16.34952865
17388;8,84175E+17;-0.15000000000000002;0.44999999999999996;en;the secret of change is to focus all of your energy not on fighting the old, but on building ;48.1464673;16.3900707
17411;29316633;-0.8;0.9;en;fucking hate italians;48.20119;16.3461
17460;186102464;-0.3125;0.6875;en;seattle girls hit the mean streets of wien #viennaboylesquefestival #lifeball2015 jinxmonsoon ;48.197788;16.375033
17544;51449399;-0.18749999999999994;0.75;en;we climbed the 343 steps to the top! stupidly picked the hottest day of our trip to do so.... but views! ;48.20860142;16.3724166
17579;17631580;-0.2;0.4;en;"just watched the oktoberfest promotion video highlighting @ashtonnng .... 
i am fucking dead  #dasboot";48.221929;16.371723
17658;14631280;-0.75;1.0;en;"oh. my. god. 
ill take ""worst ideas for handbag design for $800, alex.""

now, gimmie the ";48.17794;16.37631
17717;324282534;-0.9;1.0;en;i thought i am not going ....... he made me wakeup ... and now like a retard going .... no no no;48.19981108;16.39416921
17739;1683361441;-0.23076923076923078;0.46153846153846156;en;"@plenum_vienna: check out this article @derstandardat to find out whats going to happen tonight at mo vienna!! raw matters large&amp;long""7 pm";48.192898;16.36257
17812;524572817;-0.3;0.1;en;if brazil loses tonight, i feel like theres gonna be riots like in vancouver after the 2011 stanley cup finals;48.135101;16.387306
17815;57393965;-0.2;0.05;en;@justinbieber pleaaase follow me?? ilysm! austria is missing you4;48.1590714;16.2819012
17816;35772290;-0.2881944444444444;0.47777777777777775;en;@ugodate tell mtn if i catch dem ehh!? serious slappin punchin pillow throwin etc will go down!!;48.19989;16.35785
17818;597172780;-0.5;1.0;en;"""@bilalalimalik: lets trend #followmebilal !!! rt rt rt"" tell zayn to follow me and ill do anything you want";48.2176475;16.4036154
17865;1459528819;-0.5333333333333333;0.6;en;yes i hate you. no this doesnt allow you to hate me back.;48.20689756;16.23753006
17866;5824502;-0.275;0.525;en;"@realspig i just watched all of season 3 #lilyhammer honestly, i am disappointed. this show has become like a ""modern"" cheec";48.198591;16.365596
17907;96660620;-0.2777777777777778;0.34444444444444444;en;"snow -&gt; broken clouds
temperature down -1c -&gt; -2c
humidity up 79% -&gt; 86%";48.2;16.37
17916;359442936;-0.5;1.0;en;#arianaspenisisonfire ?? no problem, ill give her mine ;48.2386513;16.3880321
17974;96660620;-0.15555555555555559;0.2888888888888889;en;"temperature up 18c -&gt; 23c
humidity down 52% -&gt; 50%
wind 3kmh -&gt; 5kmh";48.2;16.37
18005;85225087;-0.15555555555555559;0.2888888888888889;en;stairs leading down to basement buffet. #stairs #basement #buffet #vienna #wien #austria #osterreich ;48.2083;16.3731
18026;48713908;-0.15;0.35;en;@calum5sos hi! i know this will seem random but thank you. thank you so much ;48.276779;16.40365
18054;1868119560;-0.18333333333333332;0.43333333333333335;en;when she says she dont like tapout and you start to super saiyin from anger ;48.25935875;16.39877691
18058;1459528819;-0.9;0.95;en;the worst is that i dont know if you hate me now;48.20683367;16.23752343
18074;529084189;-0.3333333333333333;0.75;en;isnt that just typical? you wait and wait and wait for something, and then when it happens, you feel sad ;48.18792402;16.33232063
18121;193961276;-0.3333333333333333;1.0;en;i dont even want to tweet anymore now that twitter is so ridiculous on my phone;48.2203248;16.3729799
911;162480741;-0.25;0.4;und;     / small can and so muuuch taste @ sedlitzkygasse ;48.177399;16.41101
3222;1092044197;-0.4;0.6;und;what the fuck ;48.19175219;16.3392683
4594;610366944;-0.2;0.3;und;#ferrari #lamborghini #green #aventador #carporn #carlife #supercar #sportcar #streetcar #ritzcarlton ;48.202461;16.376209
9110;7,66977E+17;-0.9765625;1.0;und;"aj sad grobare da ujem kako se ale da su dobili ""pretekog protivnika!!! #ueldraw #fkcz #napredzvezdo";48.1478145;16.2686251
9176;351156603;-0.25;1.0;und;@mythgonzo yea :/;48.233734;16.337584
9918;300752737;-0.16666666666666666;0.43333333333333335;und;#gutentag #relax #happynewyear #2017 #sterreich #goodmorning #black #details #longhair ;48.21270323;16.33605498
11425;351156603;-0.75;1.0;und;@soracanedit @mythactt :(;48.233728;16.337576
12296;745258488;-0.75;1.0;und;@nessiano :(;48.192238;16.337918
14451;324282534;-0.75;1.0;und;:-(;48.20231852;16.39334819
148;20638250;-0.25;0.55;;that is another 5... starting to feel sorry for @coachawsm;48.18449255;16.36058718
384;761227711;-0.75;1.0;;@rmzngs10 hitee yaaaa :d sadece cevap verdi diye sevindim ne var yani :(  @sahraswag;48.16579862;16.314451
506;191385151;-0.75;1.0;;@paaranoyaa :(;48.2582164;16.45187079
526;51606888;-0.2;0.5;;yeah that awkward moment when youre the only people in the bar who are german fans and they are getting killed by italy. #dipping;48.20534012;16.33652375
1428;40547699;-0.25;1.0;;school :-/ ;48.25291753;16.40311264
1502;36851713;-0.8;0.9;;i hate, emphasis on the hate my sisters attitude. she needs to get her head out of her ass.;48.20338079;16.36531733
1745;324282534;-0.2916666666666667;0.5416666666666666;;"""@ivan_herrera12: i understand these pains suck now but life requires you to take the hard hits and move forward";48.201927;16.3919186
1919;40196806;-0.6;0.9;; - check out my dog going crazy;48.2289786;16.33485056
2467;324282534;-0.5666666666666667;0.7833333333333333;;aja mero chimeki le pitae khanxa jasto xa :@ aafu ni sutdaina malai ni sutna dindaina :@@@ god i hate you seriously;48.2018874;16.3921162
2537;316267298;-0.11851851851851854;0.662962962962963;;"i am officially a retard!! just managed to drop my ipad on my face. teach me to lie down &amp; use it on the bed lol #ouch";48.21029523;16.3736486
3004;397437109;-0.375;0.55;;@justinbieber i actually dont understand why you once tweeted that you c all of our tweets... so why you havent noticed me yet?:(;48.2142723;16.3840337
3055;23326971;-0.2222222222222222;0.611111111111111;;history is the most boring subject. #fact;48.2181282;16.3319436
3132;163590921;-0.4;0.4;;where is vienna on the map? play the game at  #vienna;48.2066;16.3828
3466;159130437;-0.75;1.0;;i can not concentrate .... :(;48.23193665;16.36669184
3593;65419102;-0.2;0.1;;i looove #ros and #tiramisu . i shouldnt eat anything for a few days to compensate the gain. #regret ? ;48.22485874;16.35234697
3639;411469980;-0.2;0.0;;life goes on, so dont waste your time worrying about your mistakes.;48.19033807;16.4113425
3745;753736394;-0.1;0.5;;instead to sing rock me i always sing fuck me hahaha but rock me its my favourite song too *-*;48.2299811;16.3864002
3751;550034605;-0.65;0.9;;@zaynmalik lets go crazy crazy crazy till zayn is tweeting but never never never get a follower ! x95;48.2352355;16.4122107
3769;320878599;-0.4;0.6;;@yahoofinance: americans: why were addicted to spending ;48.20757457;16.33949517
4442;550034605;-0.75;1.0;;i can not sleep till @harry_styles isnt notice me! :( x40;48.2351709;16.4123283
4465;346477038;-0.625;1.0;;"k2 tweet me never :( i am so sad 
@realkellykelly";48.21763206;16.41261511
4710;304458711;-0.10625;0.49375;;"what does ""location of respondent"" mean in the context of ecommerce disputes. busy day 2 at #uncitral draws to a close. #odr @ciarb";48.23382044;16.41536836
4713;49323761;-0.65;1.0;;@ungaro of course not.many took advantage.but that makes idea of reparations very difficult.;48.2177672;16.3815134
4776;761227711;-0.125;0.75;;@disiaslan_mrv ok zledim yeah :(;48.16580452;16.31451226
4810;24520217;-0.2;0.3;;#statue #goethe #green #park #vienna #austria #park #holiday #vacation #summer #sits #poem  @ ringradweg ;48.20294859;16.36607109
4860;70209811;-0.75;1.0;;"@_itsantonia weil ich hobbylos bin &gt;:(";48.2253938;16.42346185
5321;550034605;-0.75;1.0;;i can not sleep till @harry_styles isnt notice me! :( x18;48.2352225;16.4122786
5510;761227711;-0.75;1.0;;@osmanleventylmz @volkan934 yapma bunu bana yaa :( kskanrm ben bitanemi :(;48.1806581;16.3274203
5610;163590921;-0.4;0.4;;where is vienna on the map? play the game at  #vienna;48.2066;16.3828
5616;10959642;-0.75;0.9;;this crazy contraption made me a mojito! #roboexotica @ roboexotica 2012 ;48.20986053;16.33729219
5687;93577562;-0.5;1.0;;i am so sorry, lord.;48.19404142;16.29514656
5692;40217286;-0.375;0.55;;gbs senior sap technical consultant - ibm: ( #wien , aut)  #it #job #jobs #tweetmyjobs;48.2301165;16.4605685
5702;397437109;-0.375;0.5625;;that mini heartattck when some weirdo has the same icon as justin and they follow you... but you think its @justinbieber :(a;48.2142723;16.3840337
5841;163590921;-0.4;0.4;;where is vienna on the map? play the game at  #vienna;48.2066;16.3828
5911;184427047;-0.6;1.0;;sunny weather vienna ! cold ice tea nd football with the guys :d;48.1810741;16.3187368
5924;296277456;-0.75;1.0;;@serifekapoor ne olacak bizim bu halimiz..  jupi terkmi etti seni? bn o yildiza nasl kavusucam .. hep cok uzaklarda :(;48.16994971;16.38998305
6001;460404261;-0.1;0.2;;@manilacarosi not much and you?;48.269542;16.4420574
6086;859281379;-0.6;1.0;;its #cold;48.18396915;16.41307223
6092;40547699;-0.24166666666666667;0.49166666666666664;;that annoying moment when you realize that you only have less then 5% battery left -.-;48.28710331;16.43812666
6265;148589033;-0.4;0.6;;i just got moved and my table is waaay worse. i am shortstack at my table..;48.17627316;16.40072926
6408;761227711;-0.5;1.0;;@asktirgs1905 ne yazm yine :d valla srf onun twitlerini okumak ve glmek iin fake hesap aabilirim :d;48.16571227;16.31457687
6473;22980385;-0.2;0.1;;"heading for town to link up with a few of the #planetviola crew &amp; then on to the stadium #fakvsscr ";48.22818206;16.3019741
6509;27825730;-0.15000000000000002;0.09999999999999999;;"drinking from 09:30am on sunday
traveling thousands of miles
ends up with a sour ending
#300foranewhoteldoor
#dam";48.23415279;16.42068381
6579;422023759;-0.2;0.4;;everyone talks about the em ..but nobody talks about the dogs that  were killed for that shit. #fuckyouallbitches;48.2323623;16.3295404
7000;464812766;-1.0;1.0;;boring?? :d  @ rudolfstiftung ;48.19649244;16.3903538
7277;605465017;-0.22361111111111115;0.41527777777777775;;@chivalrousbrute {slides my hand down your body to squeeze your ass while rocking my hips hard};48.21873468;16.3989704
7591;324282534;-0.75;1.0;;@alwaysfetish abue  daar lagyo :( @ifucchi;48.1868686;16.3300241
7990;397437109;-0.3068181818181818;0.75;;@livelovelife126 omg!! i am so jealous! so you live in the us if you already have his fragrance..it isnt out in my country:(;48.2142723;16.3840337
8382;37394881;-0.5;0.6;;my dad tells me i should work in a pharmacy .. what the fuck?! i am in tha nursery school, there is no connection with pharmacy;48.23397397;16.36636432
8452;210354714;-0.4722222222222222;0.6444444444444445;;@harry_styles @matty1dir  pls read guys! i am sooo fucking down! i dont know how ro go on... please help :-(;48.1754522;16.335487
9081;418789234;-0.4;0.7;;i just hateee djokos guts ! such an annoying player on court;48.21614248;16.29125444
9095;557284744;-0.35;1.0;;@dogruerkoray glmediiimmm :o ah ah dedim :(;48.22449229;16.31291838
9098;119411417;-0.625;1.0;;i am so guilty of this! it stops now. ;48.21745;16.41508
9218;407079047;-0.6;1.0;;that awkward moment when youre alone with someone you just met;48.23422537;16.32203254
9391;478088416;-0.3333333333333333;0.6666666666666666;;seriously ice cream and a mcchicken i am so screwed bring on the summer;48.18785957;16.35232623
9480;195393386;-0.75;1.0;;i dont even have my own-time. :(;48.24131701;16.40499073
9585;761227711;-0.25;1.0;;@mustafaavcu fenev alr yeah :/;48.1658685;16.3145081
9622;118469032;-0.1;0.1;;i am at austria center vienna (acv) (wien) ;48.23536445;16.41451836
9679;8810452;-0.1625;0.85;;coldplays the hardest part, brandon flowerss only the young & elo on repeat. like i said, lifes pretty boring -_-;48.213416;16.320071
9841;417277265;-0.7;0.8;;das gibts doch nicht hat die u3 jetzt den tag in der frh was grrr das gibts ja nicht;48.19581959;16.33736995
9850;347128224;-0.75;1.0;;#twemup heute leider ohne mich! :(;48.19973783;16.31341525
9899;371718903;-0.16666666666666666;0.43333333333333335;;i am at black lounge (wien) ;48.196022;16.397867
9944;164375358;-0.15555555555555559;0.2888888888888889;;@yetihoog are you going down to world champs this weekend ?;48.2181773;16.3488494
10004;15980084;-0.15625;0.59375;;@jkleske obviously targeting people who dont know what a browser even is. and i dont mean that in a derogatory way.;48.198957;16.3359217
10752;244647556;-0.8;0.9;;"@alienzero             
i hate saudi arabia";48.27690027;16.37856003
11038;37394881;-0.8;0.9;;i hate winter. it makes me moody. and i hate couples in winter. fml.;48.23391895;16.36635559
11039;22980385;-0.26999999999999996;0.6555555555555556;;vienna 4:5 ljubljana - i am told this is very bad news. but enjoyed the game, even if i didnt understand what was going on #viennacapitals;48.24549111;16.43354693
11291;8915922;-0.4;0.7;;"tired of saying ""goodbye"", but grateful for friendships that transcend goodbyes.  #missionarylife";48.22743726;16.42225521
11328;163590921;-0.4;0.4;;where is vienna on the map? play the game at  #vienna;48.2066;16.3828
11497;70801163;-0.3958333333333333;0.8333333333333333;;@soniakaur17 not nice ! seriously ! chor saali;48.20880898;16.3727961
11499;710576088;-0.75;1.0;;:((((((((((;48.1758965;16.3645781
11573;148589033;-1.0;1.0;;"officially made the worst call of my life. 
challenge for the night, not to go on tilt. 
#challengeaccepted
#";48.18571299;16.42136041
11592;5713832;-0.1875;0.5;;i am at little bit ;48.236959;16.372161
11630;550034605;-0.75;1.0;;and in austria lwwy is also on the 1.st place on itunes,dont forget :( @real_liam_payne ;48.2352858;16.4117939
11888;622663668;-0.425;0.85;;@obsessedwith_xx i knooooow omg i literally hated him :o and noow he isnt my teacher anymoreee whoop :-d;48.2222789;16.40533215
12069;123654480;-0.27083333333333337;0.7708333333333333;;i hope the fitness plan today is not so hard :-s;48.2202549;16.24902534
12087;167847362;-0.5;0.6;;@aflgleek humm..yeah a little!especially when the aussie loose!lol!but it was ok!i have seen worse!;48.15473235;16.4525307
12188;550034605;-0.48214285714285715;0.9285714285714286;;"@arianagrande i want &amp; i am sick :/";48.2351791;16.4122091
12568;472282409;-0.2;0.1;;need you exercises for flute, wait for a few monts.;48.17759025;16.3791388
12714;163590921;-0.4;0.4;;where is vienna on the map? play the game at  #vienna;48.2066;16.3828
12840;34994021;-0.4;0.6;;boreeeeeeeeeeeed as fuck  @ at home ;48.21132073;16.32990099
12990;324282534;-0.1;0.5;;"""@itslifefact: being in a relationship is a full-time job, so dont apply if youre not ready to put in the work""";48.2018949;16.3920164
12994;12267072;-0.5;1.0;;@babybuns84 ill go for a 2:2 draw.;48.20676683;16.38672711
13156;40301402;-0.75;1.0;;channel development manager - austria - dell:  ( #wien , aut)  #delljobs #businessmgmt #jobs #job #tweetmyjobs;48.20662;16.38282
13663;305701092;-0.75;1.0;;werd hier noch ewig sitzen, das trocknet kaum :(;48.19606814;16.34121662
13821;34996112;-0.25;0.7;;i am at alsans unbelievable small room (vienna) ;48.245915;16.437891
14066;265076870;-0.125;0.75;;whhhhy mum ... why did you take my lap top away... :( fuuuck -.- ;48.24362883;16.37640462
14167;92245019;-0.275;0.65;;@besiktasli_51 haha schade :(;48.16201623;16.36401342
14376;15806245;-0.15185185185185188;0.42962962962962964;;makes my life worth living. crazy how one person can change everything, and turn your life upside down...;48.12539909;16.39205324
14419;14095270;-0.2740740740740741;0.37407407407407406;;"#frontline ""message"" that usa requested illegals to come is idiotic. reporters should put down their chablis -hire an american to do garden.";48.20010979;16.34763481
14468;202578713;-0.2916666666666667;0.5416666666666666;;"hard work spotlights the character of people: some turn up their sleeves, some turn up their noses, &amp; some dont turn up at all. -sam ewing";48.22723222;16.3933352
14801;422023759;-0.28125;0.7;;@jubiebsshawty  hey how are you? i havent written to you for so long ! i am sorry xx;48.1924902;16.2966051
14830;407101387;-0.6;0.95;;@e3trf: what do you prefer chicken or meat or fish ? #thetruth meat;48.20238767;16.36988129
14942;5713832;-0.1875;0.5;;i am at little bit ;48.236959;16.372161
15009;93577562;-0.275;0.6;;envy much :(;48.19455281;16.29511613
15020;179604380;-0.5;1.0;;"""i let d gurl hv d boy, i am a woman so ill get me a man"" ";48.1789303;16.3728305
15035;70734187;-0.1;0.1;;i am at austria center vienna (acv) (bruno-kreisky-platz 1, wien) w/ 4 others ;48.23536445;16.41451836
15155;10750072;-0.2;0.4;;"now reading: on dead media tv trottln -&gt; ";48.19654866;16.38913801
15682;93577562;-0.6999999999999998;0.6666666666666666;;bad boy, huh? ;48.19445319;16.29500482
16081;7209962;-0.2;0.3;;pressed green coffee beans with some berries    @ starbucks ;48.198547;16.35002109
16082;18699097;-0.25;0.5;;ill go see breaking dawn next week sometime. but my friends and i will be mocking it the while time. #itsawful #babydatersandsparkleboys;48.22096401;16.36667903
16218;593814339;-0.75;1.0;;iftara daha 3 saat var ve ben cokk acimmm :((;48.24195611;16.3758137
16258;22980385;-0.75;1.0;;@amtweetingaway that is cheaper tha here :(;48.22313623;16.31436075
16266;550034605;-0.75;1.0;;i can not sleep till @harry_styles isnt notice me! :( x73;48.2352041;16.4122642
16501;541897942;-0.25;0.05;;missing!  @ prater dome ;48.2174101;16.39657974
16544;510535639;-0.25;1.0;;@treyenlockhart no.... :/;48.21782672;16.3596872
16550;119747573;-0.3;0.8;;@fluridsdurfa hey! treff mi jetzt mitn minimal #eskalierer samt family auf an glhwein. mach ma dann noch was? #bored;48.25256676;16.41018923
16636;461475556;-0.11666666666666665;0.9666666666666667;;@romanamaus @xyxmelissaxyx awww i know i am so sorry :/;48.1854239;16.3737079
16660;228354581;-0.2;0.8;;@ramialaqel dude this shit is freaky ;48.18302432;16.40584957
16729;234449011;-0.10714285714285715;0.7678571428571428;;@cridheone ill send a pic - hopefully with the right result :-ddd xxx;48.223;16.40297
16818;260797800;-0.75;1.0;;:( rt@nmsyria: damascus burns.;48.2450655;16.3524759
16829;20638250;-0.2638888888888889;0.7333333333333334;;mission impossible 4. most expensive mac advert ever!;48.20454491;16.34562724
17065;34667072;-0.16666666666666666;1.0;;@essjayarr i am not worthy. may i touch you?;48.24782291;16.48671717
17532;22980385;-0.4;0.9;;frustrating, austria should have walked away with 3 points @fkaustriawien: 2:2  austria verpasst sieg in kapfenberg ;48.22851465;16.30101178
17847;550034605;-0.25;1.0;;:/;48.2352461;16.4122689
